{
    "test_acc_original_data": 0.8999712467193604,
    "test_acc_gaussian_noise": 0.5625179409980774,
    "test_acc_salt_pepper_noise": 0.4061512053012848
}