{
    "loss": [
        0.26687806844711304,
        0.2168368548154831,
        0.1814703643321991,
        0.1487557291984558,
        0.12406788021326065,
        0.10430262237787247,
        0.08586964011192322,
        0.07274938374757767,
        0.06345017999410629,
        0.052350156009197235
    ],
    "accuracy": [
        0.9157842397689819,
        0.9315747022628784,
        0.9418896436691284,
        0.9520174860954285,
        0.959376335144043,
        0.9663236737251282,
        0.9728718400001526,
        0.9770377278327942,
        0.9799937605857849,
        0.9830745458602905
    ],
    "val_loss": [
        0.5567804574966431,
        0.4925425946712494,
        0.5148477554321289,
        0.3851807117462158,
        0.4424830973148346,
        0.39671316742897034,
        0.3896905779838562,
        0.44506320357322693,
        0.4160946011543274,
        0.39025288820266724
    ],
    "val_accuracy": [
        0.8246376514434814,
        0.8405796885490417,
        0.846666693687439,
        0.8878260850906372,
        0.8698550462722778,
        0.8942028880119324,
        0.881449282169342,
        0.8811594247817993,
        0.8907246589660645,
        0.8907246589660645
    ]
}