{
    "test_acc_original_data": 0.9376257658004761,
    "test_acc_gaussian_noise": 0.7697614431381226,
    "test_acc_salt_pepper_noise": 0.6792181730270386
}
