{"loss": [0.3781515061855316, 0.30214208364486694, 0.2669724225997925, 0.23631764948368073, 0.21713756024837494, 0.19536416232585907, 0.17799174785614014, 0.16911892592906952, 0.1579873114824295, 0.14537668228149414, 0.13464178144931793, 0.13023260235786438, 0.12248851358890533, 0.11313240230083466, 0.106444351375103, 0.10162706673145294, 0.09542844444513321, 0.08632403612136841, 0.0865367203950882, 0.07736873626708984, 0.07665848731994629, 0.07044430822134018, 0.07136307656764984, 0.06848704069852829, 0.06466009467840195, 0.060074616223573685, 0.059790030121803284, 0.05521039292216301, 0.05362778156995773, 0.050021808594465256, 0.0505807064473629, 0.048875581473112106, 0.046740248799324036, 0.043727271258831024, 0.04312499240040779, 0.043623507022857666, 0.04201244190335274, 0.03749311715364456, 0.04095245525240898, 0.0339692048728466, 0.03434953838586807, 0.03690352663397789, 0.03378338739275932, 0.03642711043357849, 0.03398289903998375, 0.031404852867126465, 0.029630977660417557, 0.03331030160188675, 0.030610166490077972, 0.029815515503287315, 0.029261259362101555, 0.028604840859770775, 0.028057727962732315, 0.028074566274881363, 0.028469184413552284, 0.025962671265006065, 0.027953527867794037, 0.02602522261440754, 0.02412704937160015, 0.02308696135878563], "accuracy": [0.8761209845542908, 0.9008668661117554, 0.9131774306297302, 0.9219332933425903, 0.9281072616577148, 0.9344309568405151, 0.9401559233665466, 0.9434487223625183, 0.9459432363510132, 0.9503835439682007, 0.9539382457733154, 0.9553476572036743, 0.957892119884491, 0.9614468216896057, 0.9636420607566833, 0.9648144841194153, 0.967907726764679, 0.9702151417732239, 0.9707390069961548, 0.9733458161354065, 0.9741440415382385, 0.9762768745422363, 0.9760274291038513, 0.9768131971359253, 0.9785094857215881, 0.9799314141273499, 0.9805300831794739, 0.9819270372390747, 0.9824883341789246, 0.9833364486694336, 0.9839476346969604, 0.9843966364860535, 0.9846211671829224, 0.9857437014579773, 0.9867913722991943, 0.9862176775932312, 0.9862425923347473, 0.9881508946418762, 0.9872778058052063, 0.989535391330719, 0.9892734885215759, 0.9883754253387451, 0.9896726012229919, 0.9890239834785461, 0.99037104845047, 0.9898970723152161, 0.9910570383071899, 0.9905082583427429, 0.9907577037811279, 0.9908574819564819, 0.9907078146934509, 0.9909946918487549, 0.9913065433502197, 0.9916058778762817, 0.991206705570221, 0.9915809035301208, 0.9917804598808289, 0.9919675588607788, 0.9926660656929016, 0.9927533268928528], "val_loss": [0.44727298617362976, 0.38836851716041565, 0.3908146619796753, 0.3371018171310425, 0.3645086884498596, 0.31981417536735535, 0.3538154363632202, 0.33401918411254883, 0.2944889962673187, 0.3136690557003021, 0.3028998374938965, 0.30814409255981445, 0.3247932493686676, 0.3592747747898102, 0.38590940833091736, 0.3484728932380676, 0.32981932163238525, 0.31709110736846924, 0.32899901270866394, 0.30739933252334595, 0.34565791487693787, 0.34471166133880615, 0.3390139639377594, 0.35581716895103455, 0.3537774085998535, 0.3389582633972168, 0.37799257040023804, 0.3313717544078827, 0.4155041575431824, 0.3567409813404083, 0.4149215817451477, 0.38528600335121155, 0.38204723596572876, 0.43713298439979553, 0.5149509310722351, 0.3963744044303894, 0.4503900706768036, 0.4197506010532379, 0.382676899433136, 0.478771835565567, 0.40864840149879456, 0.39582860469818115, 0.3984403610229492, 0.4043915569782257, 0.40212535858154297, 0.423004686832428, 0.48536595702171326, 0.4060685336589813, 0.4902128279209137, 0.43494272232055664, 0.5011470317840576, 0.44171106815338135, 0.407547265291214, 0.4913233816623688, 0.5071576833724976, 0.471606582403183, 0.4973771870136261, 0.4829300343990326, 0.47347113490104675, 0.4772416949272156], "val_accuracy": [0.8628985285758972, 0.8742029070854187, 0.881449282169342, 0.8942028880119324, 0.8918840289115906, 0.9124637842178345, 0.9046376943588257, 0.9049275517463684, 0.9191304445266724, 0.9168115854263306, 0.9197101593017578, 0.9182608723640442, 0.9171014428138733, 0.9185507297515869, 0.9101449251174927, 0.9188405871391296, 0.9223188161849976, 0.926086962223053, 0.9272463917732239, 0.9318840503692627, 0.926086962223053, 0.9269565343856812, 0.9252173900604248, 0.9266666769981384, 0.926086962223053, 0.9339130520820618, 0.9284058213233948, 0.9356521964073181, 0.9269565343856812, 0.9295651912689209, 0.9298550486564636, 0.9292753338813782, 0.9310144782066345, 0.926086962223053, 0.9176811575889587, 0.933623194694519, 0.9266666769981384, 0.9307246208190918, 0.933623194694519, 0.9266666769981384, 0.9269565343856812, 0.9342029094696045, 0.9347826242446899, 0.93159419298172, 0.9382608532905579, 0.9333333373069763, 0.9330434799194336, 0.9350724816322327, 0.9255072474479675, 0.9307246208190918, 0.9313043355941772, 0.9333333373069763, 0.9365217685699463, 0.928115963935852, 0.9353623390197754, 0.9368115663528442, 0.9310144782066345, 0.9313043355941772, 0.9344927668571472, 0.9362319111824036]}