{
    "test_acc_original_data": 0.7775222659111023,
    "test_acc_gaussian_noise": 0.3541247546672821,
    "test_acc_salt_pepper_noise": 0.2871514856815338
}