{
    "loss": [
        1.6001478433609009,
        1.207100510597229,
        1.02070152759552,
        0.8849585056304932,
        0.7811970114707947,
        0.6962655782699585,
        0.6226502060890198,
        0.5657225251197815,
        0.5144951343536377,
        0.4606815576553345,
        0.4183719754219055,
        0.37421730160713196,
        0.3328472375869751,
        0.30415427684783936,
        0.2645449638366699,
        0.2342371940612793,
        0.20748130977153778,
        0.18971608579158783,
        0.16670916974544525,
        0.14928950369358063,
        0.14076976478099823,
        0.12371111661195755,
        0.11117551475763321,
        0.10442489385604858,
        0.09654802083969116,
        0.089972585439682,
        0.08429931849241257,
        0.07682208716869354,
        0.07374490797519684,
        0.06525706499814987,
        0.06552762538194656,
        0.06250041723251343,
        0.05727832764387131,
        0.04932674765586853,
        0.05430254340171814,
        0.050592340528964996,
        0.046400927007198334,
        0.04196876287460327,
        0.042834606021642685,
        0.0415135957300663
    ],
    "accuracy": [
        0.4805612862110138,
        0.599875271320343,
        0.6633114814758301,
        0.7088244557380676,
        0.7428375482559204,
        0.7701652646064758,
        0.7938135266304016,
        0.8136202096939087,
        0.8282756209373474,
        0.8456252217292786,
        0.8583598136901855,
        0.874000608921051,
        0.8856750726699829,
        0.8959900140762329,
        0.9090364575386047,
        0.9185407161712646,
        0.9280823469161987,
        0.9345057606697083,
        0.9423012137413025,
        0.948076069355011,
        0.9521920680999756,
        0.9567820429801941,
        0.9621577858924866,
        0.9645899534225464,
        0.9671593308448792,
        0.9692672491073608,
        0.9720237255096436,
        0.9740567803382874,
        0.9748799204826355,
        0.9772497415542603,
        0.9777611494064331,
        0.979070782661438,
        0.9802930951118469,
        0.9833115339279175,
        0.9815528392791748,
        0.9828749895095825,
        0.9848706126213074,
        0.9858933687210083,
        0.9858060479164124,
        0.9862176775932312
    ],
    "val_loss": [
        2.1714980602264404,
        1.7546234130859375,
        1.6044981479644775,
        1.4888821840286255,
        1.4822282791137695,
        1.4339008331298828,
        1.1282624006271362,
        1.0375242233276367,
        1.0310217142105103,
        1.070692777633667,
        1.0365134477615356,
        0.9519089460372925,
        0.9869951605796814,
        1.0268503427505493,
        1.0302940607070923,
        0.9078308939933777,
        0.9402819871902466,
        1.041061520576477,
        1.0397461652755737,
        1.1152515411376953,
        1.2787822484970093,
        1.274308204650879,
        1.1493070125579834,
        1.07217538356781,
        1.1506999731063843,
        1.1419533491134644,
        1.3725886344909668,
        1.0036358833312988,
        1.200913667678833,
        1.1574808359146118,
        1.3953437805175781,
        1.1333643198013306,
        1.118139386177063,
        1.229995608329773,
        1.3660067319869995,
        1.2293031215667725,
        1.3852646350860596,
        1.3174065351486206,
        1.4703075885772705,
        1.2515575885772705
    ],
    "val_accuracy": [
        0.3594202995300293,
        0.45420289039611816,
        0.4872463643550873,
        0.5286956429481506,
        0.562898576259613,
        0.5753623247146606,
        0.6368116140365601,
        0.6649275422096252,
        0.6776811480522156,
        0.6898550987243652,
        0.6826087236404419,
        0.7124637961387634,
        0.7127535939216614,
        0.697970986366272,
        0.7165217399597168,
        0.7524637579917908,
        0.744637668132782,
        0.7298550605773926,
        0.7397101521492004,
        0.739130437374115,
        0.7211593985557556,
        0.722898542881012,
        0.7504347562789917,
        0.7515941858291626,
        0.752173900604248,
        0.7539130449295044,
        0.7324637770652771,
        0.7773913145065308,
        0.7660869359970093,
        0.7657970786094666,
        0.7397101521492004,
        0.7698550820350647,
        0.7846376895904541,
        0.780579686164856,
        0.7637681365013123,
        0.7675362229347229,
        0.7530434727668762,
        0.7756521701812744,
        0.7597101330757141,
        0.7773913145065308
    ]
}