{
    "loss": [
        1.5938420295715332,
        1.2027068138122559,
        1.014620304107666,
        0.8775306940078735,
        0.7742925882339478,
        0.6906923055648804,
        0.6199939846992493,
        0.559868335723877,
        0.5048273801803589,
        0.4553159177303314,
        0.40332654118537903,
        0.3650384843349457,
        0.3231908679008484,
        0.2846190333366394,
        0.2532041072845459,
        0.22513817250728607,
        0.20444655418395996,
        0.18152505159378052,
        0.16099365055561066,
        0.1439429074525833,
        0.12852077186107635,
        0.11754756420850754,
        0.10675407201051712,
        0.10074277222156525,
        0.0921412855386734,
        0.08564460277557373,
        0.08245714008808136,
        0.07419301569461823,
        0.06967741996049881,
        0.061717111617326736,
        0.05984107777476311,
        0.057839758694171906,
        0.05455461144447327,
        0.04929119348526001,
        0.05175083130598068,
        0.048072464764118195,
        0.045475251972675323,
        0.04435328021645546,
        0.03885107859969139,
        0.039371248334646225
    ],
    "accuracy": [
        0.4845525324344635,
        0.6061365604400635,
        0.6679638028144836,
        0.7108949422836304,
        0.7446710467338562,
        0.7729466557502747,
        0.7961584329605103,
        0.8148425221443176,
        0.831842839717865,
        0.8479949831962585,
        0.8649329543113708,
        0.8769691586494446,
        0.8909385800361633,
        0.9026005864143372,
        0.9128531217575073,
        0.9233177304267883,
        0.9302276372909546,
        0.937474250793457,
        0.9430994987487793,
        0.9498097896575928,
        0.9565450549125671,
        0.9596632122993469,
        0.9636794328689575,
        0.9652260541915894,
        0.968768298625946,
        0.9715622067451477,
        0.9722606539726257,
        0.9752915501594543,
        0.9763766527175903,
        0.978933572769165,
        0.9798815250396729,
        0.9808918237686157,
        0.9810289740562439,
        0.9835983514785767,
        0.9830246567726135,
        0.9839226603507996,
        0.9847334027290344,
        0.9851325154304504,
        0.9869535565376282,
        0.9867664575576782
    ],
    "val_loss": [
        2.094721794128418,
        1.721643328666687,
        1.6969785690307617,
        1.4988139867782593,
        1.5525349378585815,
        1.2474976778030396,
        1.1189631223678589,
        1.0482919216156006,
        1.1674927473068237,
        0.9889979362487793,
        1.1918830871582031,
        1.0205365419387817,
        0.9829584360122681,
        0.8904520273208618,
        0.9881108403205872,
        1.0763274431228638,
        1.0197473764419556,
        0.958824634552002,
        0.896142840385437,
        1.1553072929382324,
        0.9739272594451904,
        0.9976788759231567,
        0.9900187253952026,
        1.1154839992523193,
        1.1983637809753418,
        1.0783751010894775,
        1.2779278755187988,
        1.15757417678833,
        1.0719208717346191,
        1.2397650480270386,
        1.06375253200531,
        1.2463936805725098,
        1.1133540868759155,
        1.0872981548309326,
        1.2333970069885254,
        1.1836680173873901,
        1.1630864143371582,
        1.1170005798339844,
        1.2542705535888672,
        1.2090480327606201
    ],
    "val_accuracy": [
        0.38173913955688477,
        0.46000000834465027,
        0.4672463834285736,
        0.54347825050354,
        0.5556522011756897,
        0.607536256313324,
        0.6460869312286377,
        0.6649275422096252,
        0.6573913097381592,
        0.6811594367027283,
        0.6701449155807495,
        0.7023188471794128,
        0.7176811695098877,
        0.7275362610816956,
        0.7208695411682129,
        0.7092753648757935,
        0.7327536344528198,
        0.7417391538619995,
        0.7692753672599792,
        0.7405797243118286,
        0.757681131362915,
        0.7686956524848938,
        0.7701449394226074,
        0.7637681365013123,
        0.7469565272331238,
        0.7602898478507996,
        0.7400000095367432,
        0.7588405609130859,
        0.7710145115852356,
        0.7701449394226074,
        0.7802898287773132,
        0.7721739411354065,
        0.7808695435523987,
        0.7855072617530823,
        0.7655072212219238,
        0.7823188304901123,
        0.7678260803222656,
        0.7846376895904541,
        0.7817391157150269,
        0.7808695435523987
    ]
}