{
    "test_acc_original_data": 0.8700776100158691,
    "test_acc_gaussian_noise": 0.664271354675293,
    "test_acc_salt_pepper_noise": 0.597010612487793
}