{
    "loss": [
        0.9915930032730103,
        0.5665403604507446,
        0.43910810351371765,
        0.36242562532424927,
        0.2993919551372528,
        0.24971364438533783,
        0.20740650594234467,
        0.1683771163225174,
        0.13759098947048187,
        0.11243992298841476,
        0.08942855894565582,
        0.07319846004247665,
        0.061435338109731674,
        0.05181392654776573,
        0.04391433671116829,
        0.03970874845981598,
        0.03178679198026657,
        0.02896048314869404,
        0.02449129894375801,
        0.022681770846247673,
        0.02093045599758625,
        0.01760493405163288,
        0.01651700958609581,
        0.014883264899253845,
        0.014427026733756065,
        0.013628287240862846,
        0.011986780911684036,
        0.010722209699451923,
        0.010769949294626713,
        0.010232849046587944,
        0.010660258121788502,
        0.009996400214731693,
        0.008788623847067356,
        0.008177366107702255,
        0.008093013428151608,
        0.007613274734467268,
        0.0073204124346375465,
        0.007098435424268246,
        0.0062204813584685326,
        0.005573195870965719
    ],
    "accuracy": [
        0.6797505617141724,
        0.8186092972755432,
        0.8589834570884705,
        0.883816659450531,
        0.9028999209403992,
        0.9189273715019226,
        0.9328469038009644,
        0.9450202584266663,
        0.9561334848403931,
        0.9641035199165344,
        0.9718366265296936,
        0.977549135684967,
        0.9815279245376587,
        0.9848082065582275,
        0.9871905446052551,
        0.9886124134063721,
        0.9913190007209778,
        0.9919426441192627,
        0.9935017228126526,
        0.9937885999679565,
        0.9942999482154846,
        0.9953601360321045,
        0.9957467913627625,
        0.9961833357810974,
        0.9965201020240784,
        0.9966448545455933,
        0.9970813989639282,
        0.9975553750991821,
        0.9974929690361023,
        0.9975304007530212,
        0.9972809553146362,
        0.9976800680160522,
        0.9976925253868103,
        0.9978048205375671,
        0.9979669451713562,
        0.9982538223266602,
        0.9982039332389832,
        0.9985656142234802,
        0.9986404776573181,
        0.9988400340080261
    ],
    "val_loss": [
        1.0431430339813232,
        0.8840751051902771,
        0.6982870101928711,
        0.7357706427574158,
        0.7704575657844543,
        0.6379364728927612,
        0.5184547901153564,
        0.5854120850563049,
        0.5836561918258667,
        0.6038625240325928,
        0.5573568940162659,
        0.522991418838501,
        0.5271414518356323,
        0.573501467704773,
        0.5724462866783142,
        0.6188628077507019,
        0.6422901153564453,
        0.6082454323768616,
        0.6138755083084106,
        0.6174638867378235,
        0.5722677707672119,
        0.6857200264930725,
        0.5744540095329285,
        0.6729475259780884,
        0.6241902112960815,
        0.6595534086227417,
        0.6153054237365723,
        0.6286006569862366,
        0.6609996557235718,
        0.6534702777862549,
        0.6858415603637695,
        0.8278454542160034,
        0.6254705786705017,
        0.6416798830032349,
        0.6605811715126038,
        0.6847261190414429,
        0.6510174870491028,
        0.6463716626167297,
        0.6432519555091858,
        0.7137917280197144
    ],
    "val_accuracy": [
        0.6495652198791504,
        0.714202880859375,
        0.7626087069511414,
        0.7672463655471802,
        0.7669565081596375,
        0.8069565296173096,
        0.8344927430152893,
        0.8211594223976135,
        0.829275369644165,
        0.8243478536605835,
        0.8426086902618408,
        0.8547825813293457,
        0.8556521534919739,
        0.8498550653457642,
        0.8518840670585632,
        0.8472463488578796,
        0.8513043522834778,
        0.8455072641372681,
        0.8518840670585632,
        0.8504347801208496,
        0.8663768172264099,
        0.8507246375083923,
        0.8637681007385254,
        0.856521725654602,
        0.8602898716926575,
        0.8568115830421448,
        0.8637681007385254,
        0.8634782433509827,
        0.8585507273674011,
        0.8657971024513245,
        0.8524637818336487,
        0.8437681198120117,
        0.8643478155136108,
        0.8672463893890381,
        0.8640579581260681,
        0.859710156917572,
        0.8591304421424866,
        0.8692753911018372,
        0.8663768172264099,
        0.8617391586303711
    ]
}