{
    "loss": [
        0.17563647031784058,
        0.14504064619541168,
        0.11788978427648544,
        0.09913916140794754,
        0.08160359412431717,
        0.0679534524679184,
        0.059464335441589355,
        0.04988686740398407,
        0.04163726791739464,
        0.03686549514532089,
        0.032006096094846725,
        0.029732966795563698,
        0.024068251252174377,
        0.020677531138062477,
        0.018828438594937325,
        0.01697353832423687,
        0.014997761696577072,
        0.01409775111824274,
        0.016029197722673416,
        0.012371468357741833
    ],
    "accuracy": [
        0.9436108469963074,
        0.9531025886535645,
        0.9615964889526367,
        0.967570960521698,
        0.9736701250076294,
        0.9783598184585571,
        0.9807296395301819,
        0.9843093156814575,
        0.9864671230316162,
        0.9884752035140991,
        0.990084171295166,
        0.9910570383071899,
        0.9927907586097717,
        0.9947115778923035,
        0.9943373799324036,
        0.9952354431152344,
        0.9955846667289734,
        0.9959214329719543,
        0.9953975677490234,
        0.9965575337409973
    ],
    "val_loss": [
        0.41859641671180725,
        0.3896818459033966,
        0.382497638463974,
        0.4117896854877472,
        0.3829963803291321,
        0.44220784306526184,
        0.44006213545799255,
        0.4140952527523041,
        0.38253775238990784,
        0.6018275022506714,
        0.4512381851673126,
        0.4201466143131256,
        0.5071675777435303,
        0.4859929382801056,
        0.4849933385848999,
        0.4475962519645691,
        0.47810098528862,
        0.5186641812324524,
        0.43327662348747253,
        0.5112119913101196
    ],
    "val_accuracy": [
        0.8710144758224487,
        0.8828985691070557,
        0.8857970833778381,
        0.8843477964401245,
        0.8947826027870178,
        0.8831884264945984,
        0.8823188543319702,
        0.8895652294158936,
        0.9020289778709412,
        0.8666666746139526,
        0.8942028880119324,
        0.898840606212616,
        0.886956512928009,
        0.8913043737411499,
        0.886956512928009,
        0.9052174091339111,
        0.8985507488250732,
        0.9014492630958557,
        0.9034782648086548,
        0.9028985500335693
    ]
}