{
    "test_acc_original_data": 0.7947686314582825,
    "test_acc_gaussian_noise": 0.8114400506019592,
    "test_acc_salt_pepper_noise": 0.7729232311248779
}