{
    "loss": [
        1.1787819862365723,
        0.7556069493293762,
        0.6195435523986816,
        0.5403686165809631,
        0.4753098785877228,
        0.423215389251709,
        0.38306868076324463,
        0.34433019161224365,
        0.31194791197776794,
        0.27887773513793945,
        0.24954834580421448,
        0.22797951102256775,
        0.20167276263237,
        0.18425388634204865,
        0.1648828238248825,
        0.146908700466156,
        0.13072672486305237,
        0.1187586709856987,
        0.10833457857370377,
        0.09927697479724884,
        0.09038100391626358,
        0.08166617900133133,
        0.07704821974039078,
        0.07178876549005508,
        0.0682930126786232,
        0.06382916867733002,
        0.056665606796741486,
        0.05309691280126572,
        0.050683099776506424,
        0.04522651433944702,
        0.04379163309931755,
        0.042070142924785614,
        0.04068947210907936,
        0.03601951152086258,
        0.03786066174507141,
        0.03330834582448006,
        0.030744027346372604,
        0.030182261019945145,
        0.0315680056810379,
        0.02860974334180355
    ],
    "accuracy": [
        0.6190707683563232,
        0.7557467818260193,
        0.7999376654624939,
        0.8256438970565796,
        0.8448393940925598,
        0.8619145750999451,
        0.8752478957176208,
        0.8867477178573608,
        0.8964889049530029,
        0.9068537354469299,
        0.917081356048584,
        0.9236544966697693,
        0.9325350522994995,
        0.938147783279419,
        0.9453694820404053,
        0.9502713084220886,
        0.9565325975418091,
        0.9602619409561157,
        0.9645151495933533,
        0.9670720100402832,
        0.9705020189285278,
        0.9731337428092957,
        0.9751917719841003,
        0.9768007397651672,
        0.9783598184585571,
        0.978671669960022,
        0.9813158512115479,
        0.9839351177215576,
        0.9841846227645874,
        0.9855316281318665,
        0.9865170121192932,
        0.9865294694900513,
        0.9870782494544983,
        0.988737165927887,
        0.9881010055541992,
        0.989971935749054,
        0.9906454682350159,
        0.9908325672149658,
        0.9900966882705688,
        0.9909198880195618
    ],
    "val_loss": [
        1.5103470087051392,
        1.2566558122634888,
        1.122575283050537,
        1.0012197494506836,
        0.8368847370147705,
        1.0460907220840454,
        0.8654428720474243,
        0.7920694351196289,
        0.7642943859100342,
        0.8842267990112305,
        0.8840512037277222,
        0.7975617051124573,
        0.9279767274856567,
        0.7291897535324097,
        0.8056586980819702,
        0.6901916265487671,
        0.7644751071929932,
        0.7633808255195618,
        0.7993636131286621,
        0.7484853267669678,
        0.7623392343521118,
        0.8382046818733215,
        0.7753135561943054,
        0.7019815444946289,
        0.8374859094619751,
        0.8553773164749146,
        0.7760130167007446,
        0.8517760634422302,
        0.8401468992233276,
        0.8575065732002258,
        0.8168529272079468,
        0.8188426494598389,
        0.9101126790046692,
        0.9372417330741882,
        0.8195146918296814,
        0.8553125262260437,
        0.8464305996894836,
        0.7602587342262268,
        0.8871040940284729,
        0.9019577503204346
    ],
    "val_accuracy": [
        0.5542029142379761,
        0.6197101473808289,
        0.6681159138679504,
        0.690144956111908,
        0.7313043475151062,
        0.692463755607605,
        0.7307246327400208,
        0.7547826170921326,
        0.7637681365013123,
        0.7457970976829529,
        0.7495652437210083,
        0.7736231684684753,
        0.7585507035255432,
        0.7956521511077881,
        0.7736231684684753,
        0.8002898693084717,
        0.7860869765281677,
        0.7959420084953308,
        0.7892753481864929,
        0.8011594414710999,
        0.8028985261917114,
        0.7979710102081299,
        0.8063768148422241,
        0.8191304206848145,
        0.8052173852920532,
        0.7991304397583008,
        0.8139130473136902,
        0.796811580657959,
        0.8086956739425659,
        0.8144927620887756,
        0.8107246160507202,
        0.8115941882133484,
        0.8028985261917114,
        0.8014492988586426,
        0.8121739029884338,
        0.8176811337471008,
        0.8159420490264893,
        0.8318840861320496,
        0.807536244392395,
        0.8153623342514038
    ]
}