{
    "test_acc_original_data": 0.011784995906054974,
    "test_acc_gaussian_noise": 0.011784995906054974,
    "test_acc_salt_pepper_noise": 0.011784995906054974
}