{
    "loss": [
        NaN,
        NaN,
        NaN,
        NaN,
        NaN,
        NaN,
        NaN,
        NaN,
        NaN,
        NaN,
        NaN,
        NaN,
        NaN,
        NaN,
        NaN,
        NaN,
        NaN,
        NaN,
        NaN,
        NaN,
        NaN,
        NaN,
        NaN,
        NaN,
        NaN,
        NaN,
        NaN,
        NaN,
        NaN,
        NaN,
        NaN,
        NaN,
        NaN,
        NaN,
        NaN,
        NaN,
        NaN,
        NaN,
        NaN,
        NaN
    ],
    "accuracy": [
        0.012859370559453964,
        0.012797006405889988,
        0.012797006405889988,
        0.012797006405889988,
        0.012797006405889988,
        0.012797006405889988,
        0.012797006405889988,
        0.012797006405889988,
        0.012797006405889988,
        0.012797006405889988,
        0.012797006405889988,
        0.012797006405889988,
        0.012797006405889988,
        0.012797006405889988,
        0.012797006405889988,
        0.012797006405889988,
        0.012797006405889988,
        0.012797006405889988,
        0.012797006405889988,
        0.012797006405889988,
        0.012797006405889988,
        0.012797006405889988,
        0.012797006405889988,
        0.012797006405889988,
        0.012797006405889988,
        0.012797006405889988,
        0.012797006405889988,
        0.012797006405889988,
        0.012797006405889988,
        0.012797006405889988,
        0.012797006405889988,
        0.012797006405889988,
        0.012797006405889988,
        0.012797006405889988,
        0.012797006405889988,
        0.012797006405889988,
        0.012797006405889988,
        0.012797006405889988,
        0.012797006405889988,
        0.012797006405889988
    ],
    "val_loss": [
        NaN,
        NaN,
        NaN,
        NaN,
        NaN,
        NaN,
        NaN,
        NaN,
        NaN,
        NaN,
        NaN,
        NaN,
        NaN,
        NaN,
        NaN,
        NaN,
        NaN,
        NaN,
        NaN,
        NaN,
        NaN,
        NaN,
        NaN,
        NaN,
        NaN,
        NaN,
        NaN,
        NaN,
        NaN,
        NaN,
        NaN,
        NaN,
        NaN,
        NaN,
        NaN,
        NaN,
        NaN,
        NaN,
        NaN,
        NaN
    ],
    "val_accuracy": [
        0.014492753893136978,
        0.014492753893136978,
        0.014492753893136978,
        0.014492753893136978,
        0.014492753893136978,
        0.014492753893136978,
        0.014492753893136978,
        0.014492753893136978,
        0.014492753893136978,
        0.014492753893136978,
        0.014492753893136978,
        0.014492753893136978,
        0.014492753893136978,
        0.014492753893136978,
        0.014492753893136978,
        0.014492753893136978,
        0.014492753893136978,
        0.014492753893136978,
        0.014492753893136978,
        0.014492753893136978,
        0.014492753893136978,
        0.014492753893136978,
        0.014492753893136978,
        0.014492753893136978,
        0.014492753893136978,
        0.014492753893136978,
        0.014492753893136978,
        0.014492753893136978,
        0.014492753893136978,
        0.014492753893136978,
        0.014492753893136978,
        0.014492753893136978,
        0.014492753893136978,
        0.014492753893136978,
        0.014492753893136978,
        0.014492753893136978,
        0.014492753893136978,
        0.014492753893136978,
        0.014492753893136978,
        0.014492753893136978
    ]
}