{
    "loss": [
        1.8151360750198364,
        1.419593334197998,
        1.2320231199264526,
        1.0980403423309326,
        0.9851744174957275,
        0.8893267512321472,
        0.8118389248847961,
        0.741696834564209,
        0.6833929419517517,
        0.630643367767334,
        0.5777333974838257,
        0.5307319164276123,
        0.48239007592201233,
        0.43800264596939087,
        0.4044623374938965,
        0.36596545577049255,
        0.33315402269363403,
        0.3002132177352905,
        0.2737131416797638,
        0.24626781046390533,
        0.22538597881793976,
        0.20785298943519592,
        0.18755808472633362,
        0.1715107262134552,
        0.16136206686496735,
        0.1485985964536667,
        0.14028748869895935,
        0.1307045817375183,
        0.12008048593997955,
        0.11214596778154373,
        0.10566069930791855,
        0.09975646436214447,
        0.09405145794153214,
        0.0892573744058609,
        0.08744492381811142,
        0.08331543952226639,
        0.07818968594074249,
        0.07267136871814728,
        0.06996426731348038,
        0.06665834784507751
    ],
    "accuracy": [
        0.4146305024623871,
        0.5351418852806091,
        0.5969566702842712,
        0.6400374174118042,
        0.6793513894081116,
        0.7083629369735718,
        0.7352915406227112,
        0.7556595206260681,
        0.7751792669296265,
        0.7917305827140808,
        0.8090302348136902,
        0.8235484957695007,
        0.8379420042037964,
        0.8536825776100159,
        0.863124430179596,
        0.8755596876144409,
        0.8860118389129639,
        0.8981602787971497,
        0.9063423871994019,
        0.9142999649047852,
        0.9220579862594604,
        0.9276831746101379,
        0.9351917505264282,
        0.9409167170524597,
        0.9441846013069153,
        0.9494481086730957,
        0.9522294998168945,
        0.9553601741790771,
        0.9585656523704529,
        0.9611350297927856,
        0.9648519158363342,
        0.9662238955497742,
        0.968069851398468,
        0.9703398942947388,
        0.9700155854225159,
        0.9719862937927246,
        0.9738821387290955,
        0.9748051166534424,
        0.9767633080482483,
        0.9773370623588562
    ],
    "val_loss": [
        2.3793299198150635,
        2.1566686630249023,
        2.1493191719055176,
        1.9851398468017578,
        1.5401839017868042,
        1.5804576873779297,
        1.322898268699646,
        1.2932040691375732,
        1.3044298887252808,
        1.2907816171646118,
        1.083130955696106,
        1.3564693927764893,
        1.2221159934997559,
        1.1046863794326782,
        1.4459302425384521,
        1.151271939277649,
        1.2483464479446411,
        1.3225431442260742,
        1.3188749551773071,
        1.3213380575180054,
        1.1772327423095703,
        1.3084206581115723,
        1.426218032836914,
        1.4329949617385864,
        1.3556004762649536,
        1.46563720703125,
        1.1887073516845703,
        1.3739815950393677,
        1.2802188396453857,
        1.3660292625427246,
        1.393979549407959,
        1.372802972793579,
        1.4669866561889648,
        1.418115258216858,
        1.4412075281143188,
        1.3001432418823242,
        1.6076385974884033,
        1.5364618301391602,
        1.663973331451416,
        1.4451169967651367
    ],
    "val_accuracy": [
        0.3307246267795563,
        0.377681165933609,
        0.42463767528533936,
        0.4463768005371094,
        0.5205796957015991,
        0.5330435037612915,
        0.5762318968772888,
        0.6005797386169434,
        0.6078261137008667,
        0.5860869288444519,
        0.6536231637001038,
        0.6127536296844482,
        0.6359420418739319,
        0.6585507392883301,
        0.6168115735054016,
        0.670724630355835,
        0.6582608819007874,
        0.6573913097381592,
        0.6660869717597961,
        0.6750724911689758,
        0.6866666674613953,
        0.6800000071525574,
        0.6800000071525574,
        0.6800000071525574,
        0.6971014738082886,
        0.6805797219276428,
        0.7298550605773926,
        0.7026087045669556,
        0.7147825956344604,
        0.7165217399597168,
        0.7040579915046692,
        0.7176811695098877,
        0.7153623104095459,
        0.7107246518135071,
        0.7243478298187256,
        0.7368115782737732,
        0.7011594176292419,
        0.7176811695098877,
        0.708695650100708,
        0.7200000286102295
    ]
}