{
    "test_acc_original_data": 0.6510491371154785,
    "test_acc_gaussian_noise": 0.45012935996055603,
    "test_acc_salt_pepper_noise": 0.39321643114089966
}