{
    "test_acc_original_data": 0.8755389451980591,
    "test_acc_gaussian_noise": 0.6521989107131958,
    "test_acc_salt_pepper_noise": 0.5728657841682434
}