{
    "loss": [
        0.9930753111839294,
        0.5629852414131165,
        0.43569862842559814,
        0.35792815685272217,
        0.2988525629043579,
        0.2502434551715851,
        0.20994876325130463,
        0.17100271582603455,
        0.14183281362056732,
        0.11532940715551376,
        0.09334231168031693,
        0.07813872396945953,
        0.06481606513261795,
        0.05397433787584305,
        0.04623067378997803,
        0.04073846712708473,
        0.03329184278845787,
        0.02860945090651512,
        0.02753116935491562,
        0.02387787587940693,
        0.020951570942997932,
        0.02082725428044796,
        0.01631360687315464,
        0.016480199992656708,
        0.014542000368237495,
        0.013840668834745884,
        0.013605793006718159,
        0.011919227428734303,
        0.010675996541976929,
        0.01045758742839098,
        0.01102179754525423,
        0.009141208603978157,
        0.00902804359793663,
        0.00849376991391182,
        0.007314646616578102,
        0.00857966486364603,
        0.007229091599583626,
        0.00635199761018157,
        0.00639753183349967,
        0.00723219383507967
    ],
    "accuracy": [
        0.6780791878700256,
        0.8223760724067688,
        0.8598440885543823,
        0.8842781186103821,
        0.9032491445541382,
        0.9189522862434387,
        0.9316744804382324,
        0.9440349340438843,
        0.9542002081871033,
        0.9628188610076904,
        0.9702151417732239,
        0.9749298691749573,
        0.979669451713562,
        0.9834113121032715,
        0.9863922595977783,
        0.9878016710281372,
        0.99018394947052,
        0.9916433095932007,
        0.9929279685020447,
        0.9933769702911377,
        0.9946242570877075,
        0.9945619106292725,
        0.9958341121673584,
        0.9959089756011963,
        0.9961584210395813,
        0.9962831139564514,
        0.9969940781593323,
        0.9971811771392822,
        0.9974306225776672,
        0.9974056482315063,
        0.9970315098762512,
        0.9976301789283752,
        0.9977923035621643,
        0.9979045987129211,
        0.9983037114143372,
        0.9978421926498413,
        0.9982288479804993,
        0.998478353023529,
        0.9983910322189331,
        0.9981166124343872
    ],
    "val_loss": [
        1.0512382984161377,
        0.9590592384338379,
        0.774174153804779,
        0.750030517578125,
        0.776790201663971,
        0.5870673656463623,
        0.6531187295913696,
        0.6020357012748718,
        0.5918708443641663,
        0.5476238131523132,
        0.5907739996910095,
        0.607214093208313,
        0.521742582321167,
        0.5442620515823364,
        0.6029286980628967,
        0.6401423811912537,
        0.6994425058364868,
        0.6975437998771667,
        0.6356272101402283,
        0.6057693362236023,
        0.6805521249771118,
        0.6040054559707642,
        0.5984775424003601,
        0.6950350999832153,
        0.7431429624557495,
        0.6377580761909485,
        0.7283459305763245,
        0.6676089763641357,
        0.6050599217414856,
        0.68244868516922,
        0.6322191953659058,
        0.6389243602752686,
        0.7568007707595825,
        0.6302443742752075,
        0.6386238932609558,
        0.6072369813919067,
        0.7261527180671692,
        0.6719652414321899,
        0.6419515609741211,
        0.6747758388519287
    ],
    "val_accuracy": [
        0.659710168838501,
        0.703188419342041,
        0.764057993888855,
        0.7660869359970093,
        0.7698550820350647,
        0.8240579962730408,
        0.8052173852920532,
        0.8260869383811951,
        0.8313043713569641,
        0.8420289754867554,
        0.8321738839149475,
        0.8388406038284302,
        0.8588405847549438,
        0.8559420108795166,
        0.8504347801208496,
        0.8417391180992126,
        0.8368116021156311,
        0.8336231708526611,
        0.8501449227333069,
        0.8591304421424866,
        0.8452174067497253,
        0.8568115830421448,
        0.862028956413269,
        0.8556521534919739,
        0.8527536392211914,
        0.8611594438552856,
        0.8539130687713623,
        0.8646376729011536,
        0.8689855337142944,
        0.8655072450637817,
        0.8623188138008118,
        0.8678261041641235,
        0.854202926158905,
        0.8715941905975342,
        0.8730434775352478,
        0.8657971024513245,
        0.8518840670585632,
        0.8672463893890381,
        0.870724618434906,
        0.8669565320014954
    ]
}