{
    "loss": [
        0.9954298138618469
    ],
    "accuracy": [
        0.6783286333084106
    ],
    "val_loss": [
        1.0424556732177734
    ],
    "val_accuracy": [
        0.6460869312286377
    ]
}