{"loss": [0.9942078590393066, 0.8026882410049438, 0.7212162017822266, 0.6533162593841553, 0.6107003092765808, 0.5747557282447815, 0.5486227869987488, 0.5233758091926575, 0.5120602250099182, 0.49325332045555115, 0.4829871654510498, 0.46115145087242126, 0.45387476682662964, 0.4407123625278473, 0.42307984828948975, 0.4202514886856079, 0.4201040267944336, 0.40409690141677856, 0.4022412598133087, 0.39372265338897705, 0.38703984022140503, 0.3836574852466583, 0.3828732967376709, 0.36997106671333313, 0.35790005326271057, 0.3650916814804077, 0.3548491597175598, 0.3515530824661255, 0.3447910249233246, 0.3440883755683899, 0.3420470058917999, 0.3327186107635498, 0.34836143255233765, 0.33039039373397827, 0.3175208270549774, 0.31953325867652893, 0.328809529542923, 0.3183045983314514, 0.3152909278869629, 0.30513933300971985, 0.31492552161216736, 0.30719539523124695, 0.3097369074821472, 0.29940521717071533, 0.30243051052093506, 0.2888968586921692, 0.29383954405784607, 0.2973055839538574, 0.29415059089660645, 0.3007853329181671], "accuracy": [0.6904147267341614, 0.736825704574585, 0.7605737447738647, 0.7810664176940918, 0.7960960268974304, 0.8056875467300415, 0.8154412508010864, 0.8209666609764099, 0.8248581290245056, 0.831156849861145, 0.8332522511482239, 0.841272234916687, 0.8429186344146729, 0.8473588824272156, 0.852273166179657, 0.8539320230484009, 0.8536326885223389, 0.8596320748329163, 0.8614156246185303, 0.8636981844902039, 0.8654568195343018, 0.8674524426460266, 0.8657811284065247, 0.8718927502632141, 0.8761334419250488, 0.8733270764350891, 0.8760087490081787, 0.8783535957336426, 0.8803866505622864, 0.8820580244064331, 0.8818958401679993, 0.884115993976593, 0.8792142271995544, 0.8844901919364929, 0.8898409605026245, 0.8898409605026245, 0.8874087929725647, 0.8899532556533813, 0.8913002610206604, 0.893932044506073, 0.8914499282836914, 0.8938197493553162, 0.8927346467971802, 0.8972747325897217, 0.89585280418396, 0.9001683592796326, 0.8991331458091736, 0.8992828130722046, 0.8995198011398315, 0.8979981541633606], "val_loss": [1.1417310237884521, 0.9912134408950806, 0.829604983329773, 0.8209152221679688, 0.9598867297172546, 0.8001343011856079, 0.9349480867385864, 0.9916287660598755, 0.7497484087944031, 0.9312907457351685, 0.7602316737174988, 0.7684183120727539, 0.7698023319244385, 0.8136783838272095, 0.8168175220489502, 0.8161358833312988, 0.8198875784873962, 0.8578129410743713, 0.7884279489517212, 0.8140015006065369, 0.7433876991271973, 0.8127248287200928, 0.9073357582092285, 0.8394456505775452, 0.9222632646560669, 0.8565039038658142, 0.8453007340431213, 0.8542039394378662, 0.9048404097557068, 0.9683521389961243, 0.8933690786361694, 0.8573755025863647, 0.8644218444824219, 1.0168983936309814, 0.8903174996376038, 0.8656553030014038, 0.95738685131073, 0.919402003288269, 0.9953141808509827, 0.9599004983901978, 0.936332643032074, 1.1162883043289185, 0.8961937427520752, 1.0099554061889648, 0.9092610478401184, 0.9093299508094788, 0.9341949224472046, 0.8938524723052979, 0.8953004479408264, 0.9746531844139099], "val_accuracy": [0.6373913288116455, 0.6878260970115662, 0.7182608842849731, 0.7327536344528198, 0.7182608842849731, 0.746666669845581, 0.7298550605773926, 0.7043478488922119, 0.7692753672599792, 0.7301449179649353, 0.7660869359970093, 0.7736231684684753, 0.7675362229347229, 0.7492753863334656, 0.7568116188049316, 0.769565224647522, 0.7840579748153687, 0.7568116188049316, 0.7718840837478638, 0.7631884217262268, 0.7927536368370056, 0.7678260803222656, 0.7681159377098083, 0.7921739220619202, 0.7747825980186462, 0.7924637794494629, 0.7791304588317871, 0.7849275469779968, 0.7773913145065308, 0.7602898478507996, 0.7689855098724365, 0.7884057760238647, 0.7843478322029114, 0.7831884026527405, 0.7915942072868347, 0.7979710102081299, 0.7785507440567017, 0.7878260612487793, 0.7843478322029114, 0.7872464060783386, 0.7892753481864929, 0.7736231684684753, 0.7971014380455017, 0.7799999713897705, 0.7936232089996338, 0.807536244392395, 0.7965217232704163, 0.7965217232704163, 0.7915942072868347, 0.7947825789451599]}