{"loss": [1.3029814958572388, 1.0815629959106445, 1.0076812505722046, 0.964900016784668, 0.9130127429962158, 0.909134030342102, 0.8528604507446289, 0.8366879224777222, 0.8287702798843384, 0.8030390739440918], "accuracy": [0.6045525670051575, 0.6480698585510254, 0.6747240424156189, 0.68500155210495, 0.7008668780326843, 0.7026130557060242, 0.7181665301322937, 0.7237917184829712, 0.7256126999855042, 0.7313127517700195], "val_loss": [1.5077934265136719, 1.3350118398666382, 1.4079976081848145, 1.2131704092025757, 1.4532098770141602, 1.2118209600448608, 1.2586910724639893, 1.2134716510772705, 1.155846118927002, 1.248769760131836], "val_accuracy": [0.5385507345199585, 0.5750724673271179, 0.6040579676628113, 0.6159420013427734, 0.5831884145736694, 0.6133333444595337, 0.5918840765953064, 0.6220290064811707, 0.6263768076896667, 0.6333333253860474]}