{
    "test_acc_original_data": 0.8352975249290466,
    "test_acc_gaussian_noise": 0.4300086200237274,
    "test_acc_salt_pepper_noise": 0.30870941281318665
}