{
    "loss": [
        1.3120533227920532
    ],
    "accuracy": [
        0.5712878108024597
    ],
    "val_loss": [
        1.975655436515808
    ],
    "val_accuracy": [
        0.4295652210712433
    ]
}