{
    "loss": [
        1.3327442407608032,
        0.876619815826416,
        0.6939336657524109,
        0.5839546918869019,
        0.5010840892791748,
        0.4430559575557709,
        0.38823968172073364,
        0.339325875043869,
        0.29908299446105957,
        0.26175692677497864,
        0.2311779409646988,
        0.1998797357082367,
        0.17257028818130493,
        0.14583872258663177,
        0.1284099668264389,
        0.11417947709560394,
        0.09824693202972412,
        0.08610141277313232,
        0.07782575488090515,
        0.06928090751171112,
        0.06317567080259323,
        0.05638003721833229,
        0.052765969187021255,
        0.04936514422297478,
        0.04330532252788544,
        0.040730174630880356,
        0.03680117428302765,
        0.03474217653274536,
        0.03169669583439827,
        0.031486064195632935,
        0.02833983674645424,
        0.027954809367656708,
        0.026205124333500862,
        0.023846734315156937,
        0.023491524159908295,
        0.020991062745451927,
        0.020619310438632965,
        0.019942525774240494,
        0.019788840785622597,
        0.01860528253018856
    ],
    "accuracy": [
        0.5669472813606262,
        0.7139133214950562,
        0.7748425602912903,
        0.810215175151825,
        0.8363704681396484,
        0.8552416563034058,
        0.8725787401199341,
        0.8870720267295837,
        0.9000312089920044,
        0.9117804765701294,
        0.9231306314468384,
        0.9320361614227295,
        0.9412161111831665,
        0.9514437317848206,
        0.9558466076850891,
        0.9614093899726868,
        0.9672466516494751,
        0.9715497493743896,
        0.9743311405181885,
        0.9770501852035522,
        0.978983461856842,
        0.9812659621238708,
        0.9829123616218567,
        0.9838852286338806,
        0.9863049387931824,
        0.9866542220115662,
        0.9880511164665222,
        0.9884377717971802,
        0.9895104169845581,
        0.9901465773582458,
        0.9914686679840088,
        0.9912815690040588,
        0.9918303489685059,
        0.9923167824745178,
        0.9925537705421448,
        0.9933270812034607,
        0.9929778575897217,
        0.9936389327049255,
        0.9938759207725525,
        0.9942500591278076
    ],
    "val_loss": [
        1.7846821546554565,
        1.3229166269302368,
        1.043645977973938,
        0.754835844039917,
        0.9122366905212402,
        0.833848774433136,
        0.7911012768745422,
        0.7730922102928162,
        0.7090076804161072,
        0.7464097738265991,
        0.7981489896774292,
        0.7643707394599915,
        0.7172247171401978,
        0.6841878890991211,
        0.7379900217056274,
        0.693015992641449,
        0.6363230347633362,
        0.7626688480377197,
        0.6794219613075256,
        0.7869961261749268,
        0.8138970732688904,
        0.7547821998596191,
        0.8278421759605408,
        0.7426414489746094,
        0.8632910251617432,
        0.7033818364143372,
        0.7849549651145935,
        0.734160304069519,
        0.7442436814308167,
        0.7695435881614685,
        0.9396088123321533,
        0.8339852094650269,
        0.7775647044181824,
        0.8289079666137695,
        0.7620322704315186,
        0.7643966674804688,
        0.8303082585334778,
        0.853242039680481,
        0.8106602430343628,
        0.9270907044410706
    ],
    "val_accuracy": [
        0.4591304361820221,
        0.595652163028717,
        0.6646376848220825,
        0.752173900604248,
        0.7043478488922119,
        0.7356521487236023,
        0.7475362420082092,
        0.7542029023170471,
        0.7779710292816162,
        0.7878260612487793,
        0.7686956524848938,
        0.7823188304901123,
        0.7936232089996338,
        0.8104347586631775,
        0.8121739029884338,
        0.8208695650100708,
        0.8220289945602417,
        0.8034782409667969,
        0.823768138885498,
        0.8086956739425659,
        0.8147826194763184,
        0.8234782814979553,
        0.8159420490264893,
        0.8315942287445068,
        0.8202898502349854,
        0.8478260636329651,
        0.8315942287445068,
        0.8397101163864136,
        0.8547825813293457,
        0.840289831161499,
        0.8249275088310242,
        0.8359420299530029,
        0.8373913168907166,
        0.8385507464408875,
        0.8391304612159729,
        0.8376811742782593,
        0.8391304612159729,
        0.8420289754867554,
        0.8411594033241272,
        0.8321738839149475
    ]
}