{"loss": [0.2117341011762619, 0.2026074379682541, 0.19670827686786652, 0.18917502462863922, 0.1843092143535614, 0.1763916164636612, 0.1710984706878662, 0.1606709361076355, 0.15958675742149353, 0.15048648416996002, 0.14338509738445282, 0.14161358773708344, 0.1365480124950409, 0.12823212146759033, 0.1274171769618988, 0.12053340673446655, 0.12021500617265701, 0.11459629237651825, 0.1098596602678299, 0.10964440554380417, 0.10668603330850601, 0.101059190928936, 0.09692837297916412, 0.09439760446548462, 0.0938647910952568, 0.10550817847251892, 0.10083438456058502, 0.08254056423902512, 0.0822286605834961, 0.08320493996143341, 0.07848134636878967, 0.08079748600721359, 0.0747724398970604, 0.07012595236301422, 0.070036880671978, 0.06833967566490173, 0.06543300300836563, 0.06521739065647125, 0.06426096707582474, 0.06566739082336426, 0.06105784326791763, 0.05968927964568138, 0.058075450360774994, 0.055603787302970886, 0.057213194668293, 0.05353371426463127, 0.05834851786494255, 0.055429067462682724, 0.05760299786925316, 0.05289763957262039], "accuracy": [0.9305519461631775, 0.9326972365379333, 0.9349797368049622, 0.937362015247345, 0.9390208721160889, 0.9415902495384216, 0.9432491660118103, 0.947627067565918, 0.9487870335578918, 0.9511318802833557, 0.9531899094581604, 0.9541378021240234, 0.9553726315498352, 0.957842230796814, 0.9586778879165649, 0.9613844752311707, 0.9613969326019287, 0.9625693559646606, 0.9642157554626465, 0.9650888442993164, 0.9650514721870422, 0.967333972454071, 0.9684814214706421, 0.9697162508964539, 0.9698534607887268, 0.9684440493583679, 0.9676083326339722, 0.9744309186935425, 0.9743311405181885, 0.9733832478523254, 0.9754412174224854, 0.9748674631118774, 0.9765138626098633, 0.9783473610877991, 0.9778110384941101, 0.9791955351829529, 0.979706883430481, 0.9793452024459839, 0.9802930951118469, 0.980006217956543, 0.9806423187255859, 0.9812036156654358, 0.9822638034820557, 0.9821640253067017, 0.9826753735542297, 0.9837480783462524, 0.9821016788482666, 0.9829872250556946, 0.9826005697250366, 0.9834612011909485], "val_loss": [0.40412962436676025, 0.43888744711875916, 0.5078318119049072, 0.4903649389743805, 0.45212969183921814, 0.5150153636932373, 0.4136221706867218, 0.5537129640579224, 0.5011646747589111, 0.4681757390499115, 0.568439245223999, 0.5188239216804504, 0.6206225156784058, 0.5374599695205688, 0.49560436606407166, 0.48586228489875793, 0.4516517221927643, 0.5033531188964844, 0.4813162088394165, 0.5237191915512085, 0.4839094579219818, 0.5602293014526367, 0.4997785687446594, 0.5175631046295166, 0.49534526467323303, 0.6883383989334106, 0.6260892748832703, 0.5525052547454834, 0.5266180634498596, 0.543404757976532, 0.47406914830207825, 0.5298054814338684, 0.5262852907180786, 0.5288808345794678, 0.574112594127655, 0.5703567266464233, 0.5802714824676514, 0.5385110378265381, 0.5880157351493835, 0.5020578503608704, 0.570651650428772, 0.5878793597221375, 0.5669571161270142, 0.691613495349884, 0.5832158327102661, 0.988374650478363, 0.5933260917663574, 0.5315498113632202, 0.5584242939949036, 0.5680774450302124], "val_accuracy": [0.8866666555404663, 0.88492751121521, 0.8562318682670593, 0.8779709935188293, 0.8817391395568848, 0.8736231923103333, 0.8866666555404663, 0.8608695864677429, 0.8710144758224487, 0.8826087117195129, 0.8649275302886963, 0.8695651888847351, 0.859710156917572, 0.8753623366355896, 0.8831884264945984, 0.890144944190979, 0.8965217471122742, 0.8959420323371887, 0.8910145163536072, 0.88492751121521, 0.8782608509063721, 0.8843477964401245, 0.8997101187705994, 0.8939130306243896, 0.8930434584617615, 0.8115941882133484, 0.8730434775352478, 0.8997101187705994, 0.8939130306243896, 0.8959420323371887, 0.9028985500335693, 0.8950724601745605, 0.8939130306243896, 0.9046376943588257, 0.9037681221961975, 0.9057971239089966, 0.9002898335456848, 0.9017391204833984, 0.9031884074211121, 0.904347836971283, 0.9057971239089966, 0.9060869812965393, 0.8968116044998169, 0.8831884264945984, 0.9014492630958557, 0.8310145139694214, 0.8904348015785217, 0.9104347825050354, 0.9028985500335693, 0.9121739268302917]}