{
    "loss": [
        1.606321930885315
    ],
    "accuracy": [
        0.47804179787635803
    ],
    "val_loss": [
        2.3859286308288574
    ],
    "val_accuracy": [
        0.33826085925102234
    ]
}