{
    "loss": [
        1.5877819061279297,
        1.2012181282043457,
        1.0136380195617676,
        0.8841434717178345,
        0.7796851396560669,
        0.6969296932220459,
        0.6286470293998718,
        0.5682387351989746,
        0.5097951292991638,
        0.46019089221954346,
        0.4144591987133026,
        0.3706933557987213,
        0.32973480224609375,
        0.2949634790420532,
        0.25744378566741943,
        0.22899414598941803,
        0.20571444928646088,
        0.181538924574852,
        0.16533887386322021,
        0.1508970558643341,
        0.13130617141723633,
        0.12028482556343079,
        0.11006274074316025,
        0.10227132588624954,
        0.09474450349807739,
        0.08442935347557068,
        0.07937655597925186,
        0.07335034012794495,
        0.07075202465057373,
        0.06466781347990036,
        0.05929161235690117,
        0.05822961777448654,
        0.0545472726225853,
        0.05321711301803589,
        0.05160776898264885,
        0.0480353906750679,
        0.04175492376089096,
        0.043160367757081985,
        0.0404297411441803,
        0.0366632454097271
    ],
    "accuracy": [
        0.4831680655479431,
        0.6075958609580994,
        0.6679513454437256,
        0.7090240120887756,
        0.7430745363235474,
        0.7710258960723877,
        0.7933270931243896,
        0.8130963444709778,
        0.8296725749969482,
        0.8470221161842346,
        0.8614156246185303,
        0.873988151550293,
        0.8881197571754456,
        0.8999313712120056,
        0.9124415516853333,
        0.9219207763671875,
        0.9286934733390808,
        0.937524139881134,
        0.9425880908966064,
        0.9485874772071838,
        0.9548612236976624,
        0.9584783315658569,
        0.9627439975738525,
        0.9656376838684082,
        0.9677829742431641,
        0.9715622067451477,
        0.9727596044540405,
        0.9752665758132935,
        0.9763267636299133,
        0.9777860641479492,
        0.980305552482605,
        0.9806423187255859,
        0.9816526174545288,
        0.9821764826774597,
        0.9828999042510986,
        0.9841596484184265,
        0.9861428141593933,
        0.9858185052871704,
        0.9865294694900513,
        0.9876145720481873
    ],
    "val_loss": [
        2.0677733421325684,
        1.6179136037826538,
        1.3953505754470825,
        1.4413541555404663,
        1.412527084350586,
        1.5270147323608398,
        1.1961795091629028,
        1.1592202186584473,
        1.1482219696044922,
        0.8888605237007141,
        1.1139222383499146,
        1.0681763887405396,
        1.03714919090271,
        0.9781731963157654,
        0.8917492032051086,
        0.9591869711875916,
        1.0351166725158691,
        1.0620969533920288,
        0.9787670373916626,
        0.9913851022720337,
        1.0352751016616821,
        0.9638391733169556,
        1.1832295656204224,
        1.1925954818725586,
        1.0538612604141235,
        1.0216294527053833,
        1.165082335472107,
        1.1571379899978638,
        1.386794924736023,
        1.0784187316894531,
        1.107177972793579,
        1.0517936944961548,
        1.2007313966751099,
        1.165987491607666,
        1.180620789527893,
        1.1551990509033203,
        1.1584237813949585,
        1.2045080661773682,
        1.3126510381698608,
        1.315310001373291
    ],
    "val_accuracy": [
        0.3582608699798584,
        0.469565212726593,
        0.541449248790741,
        0.5472463965415955,
        0.5582608580589294,
        0.5782608985900879,
        0.6286956667900085,
        0.6573913097381592,
        0.6675362586975098,
        0.7113043665885925,
        0.6834782361984253,
        0.6988405585289001,
        0.6915941834449768,
        0.7223188281059265,
        0.7385507225990295,
        0.7434782385826111,
        0.7327536344528198,
        0.7373912930488586,
        0.7492753863334656,
        0.7457970976829529,
        0.746666669845581,
        0.7611594200134277,
        0.7515941858291626,
        0.7504347562789917,
        0.7678260803222656,
        0.7776811718940735,
        0.750144898891449,
        0.7692753672599792,
        0.7318840622901917,
        0.7721739411354065,
        0.7727535963058472,
        0.7849275469779968,
        0.7837681174278259,
        0.7678260803222656,
        0.7808695435523987,
        0.7889854907989502,
        0.7875362038612366,
        0.7808695435523987,
        0.7666666507720947,
        0.7863768339157104
    ]
}