{"loss": [3.795172691345215, 2.7288599014282227, 2.573171854019165, 2.5683043003082275, 2.5669748783111572, 2.5665793418884277, 2.5663669109344482, 2.566389799118042, 2.5661392211914062, 2.5662941932678223, 2.566267728805542, 2.566495180130005, 2.5662195682525635, 2.5664026737213135, 2.5661840438842773, 2.5664477348327637, 2.5662858486175537, 2.566199779510498, 2.5664751529693604, 2.5660064220428467], "accuracy": [0.1674087941646576, 0.12026192992925644, 0.12440286576747894, 0.12808232009410858, 0.1269971877336502, 0.1269472986459732, 0.12808232009410858, 0.1271468698978424, 0.12785780429840088, 0.12760835886001587, 0.12809479236602783, 0.12735889852046967, 0.12789523601531982, 0.12754599750041962, 0.1286311149597168, 0.12623636424541473, 0.12698471546173096, 0.12703460454940796, 0.12774555385112762, 0.12789523601531982], "val_loss": [2.6042399406433105, 2.555021047592163, 2.5484695434570312, 2.5470457077026367, 2.5465948581695557, 2.5463757514953613, 2.546387195587158, 2.546311378479004, 2.546447277069092, 2.546424150466919, 2.5463740825653076, 2.546274423599243, 2.546377658843994, 2.5462698936462402, 2.54636287689209, 2.5462002754211426, 2.546314001083374, 2.5463545322418213, 2.5462734699249268, 2.546457529067993], "val_accuracy": [0.14492753148078918, 0.14492753148078918, 0.14492753148078918, 0.14492753148078918, 0.14492753148078918, 0.14492753148078918, 0.14492753148078918, 0.14492753148078918, 0.14492753148078918, 0.14492753148078918, 0.14492753148078918, 0.14492753148078918, 0.14492753148078918, 0.14492753148078918, 0.14492753148078918, 0.14492753148078918, 0.14492753148078918, 0.14492753148078918, 0.14492753148078918, 0.14492753148078918]}