{
    "loss": [
        1.0072051286697388,
        0.5730491280555725,
        0.4461821913719177,
        0.3653702735900879,
        0.30315810441970825,
        0.25327274203300476,
        0.21156533062458038,
        0.17338109016418457,
        0.14101099967956543,
        0.11626556515693665
    ],
    "accuracy": [
        0.6755721569061279,
        0.8171250224113464,
        0.8573744893074036,
        0.8826317191123962,
        0.9009042978286743,
        0.9175553321838379,
        0.9305145144462585,
        0.9440723657608032,
        0.9544496536254883,
        0.9620205760002136
    ],
    "val_loss": [
        1.099923849105835,
        0.8877527117729187,
        0.8373255133628845,
        0.6519634127616882,
        0.8124532699584961,
        0.5776627063751221,
        0.7241049408912659,
        0.5751843452453613,
        0.5999201536178589,
        0.6081182956695557
    ],
    "val_accuracy": [
        0.6385506987571716,
        0.7171014547348022,
        0.7342029213905334,
        0.7884057760238647,
        0.757681131362915,
        0.8176811337471008,
        0.788115918636322,
        0.8208695650100708,
        0.8246376514434814,
        0.8255072236061096
    ]
}