{
    "test_acc_original_data": 0.5714285969734192,
    "test_acc_gaussian_noise": 0.7602759599685669,
    "test_acc_salt_pepper_noise": 0.65363609790802
}