{
    "loss": [
        0.613864541053772,
        0.5607873201370239,
        0.5059679746627808,
        0.4611016809940338,
        0.4241175651550293,
        0.38485145568847656,
        0.3517277240753174,
        0.3176981508731842,
        0.2875232398509979,
        0.2613517940044403,
        0.2364020049571991,
        0.21450966596603394,
        0.19094958901405334,
        0.1751331388950348,
        0.1614140421152115,
        0.14069870114326477,
        0.13043315708637238,
        0.12228146195411682,
        0.1143919825553894,
        0.10584640502929688
    ],
    "accuracy": [
        0.799226701259613,
        0.8180355429649353,
        0.8349984288215637,
        0.8482195138931274,
        0.8603804111480713,
        0.872903048992157,
        0.8832553625106812,
        0.8926723003387451,
        0.9030495882034302,
        0.9115933775901794,
        0.9192142486572266,
        0.9264359474182129,
        0.9343560934066772,
        0.9406672716140747,
        0.9445837140083313,
        0.9507203102111816,
        0.9558340907096863,
        0.9583286643028259,
        0.9599875211715698,
        0.9638665318489075
    ],
    "val_loss": [
        1.3050105571746826,
        1.0107048749923706,
        0.8666829466819763,
        0.9383834600448608,
        1.1076619625091553,
        1.0215402841567993,
        0.8551880121231079,
        0.9047960638999939,
        0.8352335095405579,
        0.8927595615386963,
        0.9595401883125305,
        0.8436336517333984,
        0.8671367168426514,
        1.0580435991287231,
        0.8624670505523682,
        1.0703374147415161,
        0.8559847474098206,
        0.8893163204193115,
        0.8801995515823364,
        0.9838659167289734
    ],
    "val_accuracy": [
        0.6365217566490173,
        0.6753623485565186,
        0.7226086854934692,
        0.7104347944259644,
        0.6785507202148438,
        0.6994202733039856,
        0.7382608652114868,
        0.7344927787780762,
        0.7472463846206665,
        0.7481159567832947,
        0.7373912930488586,
        0.7527536153793335,
        0.7605797052383423,
        0.7344927787780762,
        0.7657970786094666,
        0.7408695816993713,
        0.7686956524848938,
        0.777101457118988,
        0.7791304588317871,
        0.7646377086639404
    ]
}