{
    "loss": [
        0.38147857785224915,
        0.3405357599258423,
        0.30313655734062195,
        0.2732166349887848,
        0.24914897978305817,
        0.22144144773483276,
        0.2029896080493927,
        0.180582195520401,
        0.16324366629123688,
        0.14575842022895813,
        0.13324204087257385,
        0.119125135242939,
        0.10842020064592361,
        0.09895074367523193,
        0.08670531213283539,
        0.08102237433195114,
        0.07167623937129974,
        0.06687261164188385,
        0.060062721371650696,
        0.05896691605448723
    ],
    "accuracy": [
        0.8772934079170227,
        0.8890926241874695,
        0.9020143151283264,
        0.9112441539764404,
        0.9183037281036377,
        0.927346408367157,
        0.9330090284347534,
        0.9397068619728088,
        0.9461303353309631,
        0.9520798325538635,
        0.9554973244667053,
        0.9598378539085388,
        0.9639039635658264,
        0.9672965407371521,
        0.9714249968528748,
        0.9729341864585876,
        0.9763891696929932,
        0.9776239395141602,
        0.9799813032150269,
        0.9809916019439697
    ],
    "val_loss": [
        0.7989490032196045,
        0.8702290058135986,
        0.5959776043891907,
        0.6513799428939819,
        0.5958505868911743,
        0.5336036086082458,
        0.5431516170501709,
        0.4962131381034851,
        0.5238094329833984,
        0.5494956374168396,
        0.5380880832672119,
        0.5600185990333557,
        0.475869745016098,
        0.6373047828674316,
        0.7049816250801086,
        0.6988183856010437,
        0.5912551879882812,
        0.9263824224472046,
        0.8226168751716614,
        0.6418505311012268
    ],
    "val_accuracy": [
        0.7542029023170471,
        0.7437680959701538,
        0.8101449012756348,
        0.7953622937202454,
        0.8110144734382629,
        0.840289831161499,
        0.8391304612159729,
        0.8524637818336487,
        0.8510144948959351,
        0.8437681198120117,
        0.8469565510749817,
        0.8452174067497253,
        0.8692753911018372,
        0.8281159400939941,
        0.8269565105438232,
        0.8191304206848145,
        0.8533333539962769,
        0.7988405823707581,
        0.821739137172699,
        0.8472463488578796
    ]
}