{
    "loss": [
        1.395351529121399,
        0.8407837152481079,
        0.7006694078445435,
        0.611146092414856,
        0.5477002263069153,
        0.49718838930130005,
        0.4574413299560547,
        0.42037495970726013,
        0.3908507823944092,
        0.36009272933006287,
        0.3350770175457001,
        0.31300872564315796,
        0.29305580258369446,
        0.2687893211841583,
        0.25116387009620667,
        0.23350167274475098,
        0.21305637061595917,
        0.19916976988315582,
        0.18292200565338135,
        0.1691480278968811,
        0.15459463000297546,
        0.1429566890001297,
        0.13489460945129395,
        0.12359679490327835,
        0.11179567873477936,
        0.10573431849479675,
        0.09799312055110931,
        0.09164810925722122,
        0.08583240956068039,
        0.08218614757061005,
        0.07419825345277786,
        0.07297950237989426,
        0.06635873019695282,
        0.06178855150938034,
        0.06064438074827194,
        0.053907327353954315,
        0.053151607513427734,
        0.04909897595643997,
        0.05018984526395798,
        0.04565252363681793
    ],
    "accuracy": [
        0.5729965567588806,
        0.7312005162239075,
        0.7768381834030151,
        0.8046647906303406,
        0.8239226937294006,
        0.840885579586029,
        0.8532460331916809,
        0.8638478517532349,
        0.87285315990448,
        0.8824945688247681,
        0.8912503719329834,
        0.8968506455421448,
        0.9040473699569702,
        0.9127658009529114,
        0.9173807501792908,
        0.9222076535224915,
        0.9295665621757507,
        0.9333457946777344,
        0.9389585256576538,
        0.9438228607177734,
        0.9482382535934448,
        0.9523542523384094,
        0.9551106691360474,
        0.958690345287323,
        0.9626067876815796,
        0.9653508067131042,
        0.9675085544586182,
        0.9696539044380188,
        0.9715372920036316,
        0.9728842973709106,
        0.9753040075302124,
        0.9762644171714783,
        0.978384792804718,
        0.9797318577766418,
        0.9805176258087158,
        0.9824633598327637,
        0.9827751517295837,
        0.9844340682029724,
        0.9840973019599915,
        0.9857437014579773
    ],
    "val_loss": [
        1.3169585466384888,
        1.253362774848938,
        1.086084246635437,
        1.2602136135101318,
        0.8965951800346375,
        0.986988365650177,
        0.8905223608016968,
        0.9669923186302185,
        0.8392168879508972,
        0.713373601436615,
        0.8543137907981873,
        0.8385040163993835,
        0.7274147272109985,
        0.7993451356887817,
        0.7166747450828552,
        0.7610799074172974,
        0.8215024471282959,
        0.8121852278709412,
        0.7717908620834351,
        0.821672260761261,
        0.8123953938484192,
        0.8867999911308289,
        0.6657326817512512,
        0.8337255716323853,
        0.8244020342826843,
        0.7736634612083435,
        0.898382306098938,
        0.8369293212890625,
        0.7603680491447449,
        0.7693113088607788,
        0.8948391079902649,
        0.8350076675415039,
        0.8037509918212891,
        0.7803357839584351,
        0.7839647531509399,
        0.8787262439727783,
        0.7770987749099731,
        0.8712217807769775,
        0.822924017906189,
        0.8312968611717224
    ],
    "val_accuracy": [
        0.571884036064148,
        0.6069565415382385,
        0.6475362181663513,
        0.6191304326057434,
        0.7101449370384216,
        0.6988405585289001,
        0.7168115973472595,
        0.7063767910003662,
        0.7321739196777344,
        0.7710145115852356,
        0.7385507225990295,
        0.747826099395752,
        0.7727535963058472,
        0.7689855098724365,
        0.7855072617530823,
        0.7811594009399414,
        0.760869562625885,
        0.7727535963058472,
        0.7811594009399414,
        0.7707246541976929,
        0.7684057950973511,
        0.760869562625885,
        0.8118840456008911,
        0.7872464060783386,
        0.7869565486907959,
        0.7918840646743774,
        0.7855072617530823,
        0.7971014380455017,
        0.8014492988586426,
        0.8124637603759766,
        0.7947825789451599,
        0.788115918636322,
        0.8133333325386047,
        0.8211594223976135,
        0.8081159591674805,
        0.7997101545333862,
        0.8214492797851562,
        0.7959420084953308,
        0.807536244392395,
        0.8121739029884338
    ]
}