{
    "loss": [
        1.3184374570846558,
        0.859038233757019,
        0.6853094100952148,
        0.5819319486618042,
        0.5075047016143799,
        0.44531604647636414,
        0.3944123685359955,
        0.3467804193496704,
        0.30828559398651123,
        0.2688802182674408,
        0.2367173433303833,
        0.205660879611969,
        0.18106451630592346,
        0.15646740794181824,
        0.13680537045001984,
        0.11933485418558121,
        0.10636940598487854,
        0.09048731625080109,
        0.08163655549287796,
        0.07468046993017197,
        0.06675919145345688,
        0.06084343045949936,
        0.05362614244222641,
        0.05027923360466957,
        0.046730827540159225,
        0.04060203954577446,
        0.03731778636574745,
        0.03616771474480629,
        0.034994665533304214,
        0.0296743456274271,
        0.03250085189938545,
        0.02724030427634716,
        0.026829000562429428,
        0.024052580818533897,
        0.024338198825716972,
        0.022008264437317848,
        0.02153986133635044,
        0.02186586521565914,
        0.020899035036563873,
        0.01938633620738983
    ],
    "accuracy": [
        0.5715871453285217,
        0.7180792093276978,
        0.7767384052276611,
        0.8104895353317261,
        0.8345993161201477,
        0.8538447022438049,
        0.8720923066139221,
        0.8859370350837708,
        0.8979108333587646,
        0.9092859625816345,
        0.9209853410720825,
        0.9302276372909546,
        0.9392204284667969,
        0.9471530914306641,
        0.9527159333229065,
        0.9599127173423767,
        0.9647645950317383,
        0.9696289300918579,
        0.9726847410202026,
        0.9748175740242004,
        0.9780230522155762,
        0.9801808595657349,
        0.9818148016929626,
        0.9835235476493835,
        0.9841347336769104,
        0.9866042733192444,
        0.9883130788803101,
        0.9883629679679871,
        0.989098846912384,
        0.9906330108642578,
        0.9897474050521851,
        0.9912691116333008,
        0.9915933609008789,
        0.9925038814544678,
        0.9923167824745178,
        0.9933894872665405,
        0.9931649565696716,
        0.9930402040481567,
        0.9934642910957336,
        0.9939631819725037
    ],
    "val_loss": [
        1.4648064374923706,
        1.5500246286392212,
        1.161668062210083,
        1.018239140510559,
        1.0349063873291016,
        0.8227618932723999,
        0.7929721474647522,
        0.889597475528717,
        0.7219272255897522,
        0.959869921207428,
        0.7739475965499878,
        0.5961202383041382,
        0.7904142141342163,
        0.6779497861862183,
        0.8753382563591003,
        0.6815397143363953,
        0.7399822473526001,
        0.7921528220176697,
        0.8879898190498352,
        0.8254624009132385,
        0.6851784586906433,
        0.7249976396560669,
        0.8148249387741089,
        0.904685914516449,
        0.8286315202713013,
        0.9047183990478516,
        0.7597037553787231,
        0.8613496422767639,
        0.7230645418167114,
        0.8085631132125854,
        0.7304660677909851,
        0.8193222880363464,
        0.8786330819129944,
        0.7583116888999939,
        0.8645848631858826,
        0.8092893958091736,
        0.8483156561851501,
        0.9478613138198853,
        0.8468078970909119,
        0.915985643863678
    ],
    "val_accuracy": [
        0.5605797171592712,
        0.5536231994628906,
        0.6286956667900085,
        0.6831883788108826,
        0.6886956691741943,
        0.7353622913360596,
        0.7504347562789917,
        0.7417391538619995,
        0.7701449394226074,
        0.7428985238075256,
        0.7736231684684753,
        0.8150724768638611,
        0.7756521701812744,
        0.8069565296173096,
        0.7718840837478638,
        0.813043475151062,
        0.8179709911346436,
        0.809855043888092,
        0.8078261017799377,
        0.8104347586631775,
        0.834782600402832,
        0.8240579962730408,
        0.8089855313301086,
        0.8069565296173096,
        0.8284057974815369,
        0.8113043308258057,
        0.8304347991943359,
        0.8289855122566223,
        0.8446376919746399,
        0.8304347991943359,
        0.8365217447280884,
        0.8330434560775757,
        0.8240579962730408,
        0.8391304612159729,
        0.8344927430152893,
        0.8333333134651184,
        0.8417391180992126,
        0.837971031665802,
        0.8420289754867554,
        0.8333333134651184
    ]
}