{
    "test_acc_original_data": 0.7835584878921509,
    "test_acc_gaussian_noise": 0.30985915660858154,
    "test_acc_salt_pepper_noise": 0.20091980695724487
}