{
    "test_acc_original_data": 0.7602759599685669,
    "test_acc_gaussian_noise": 0.2624317407608032,
    "test_acc_salt_pepper_noise": 0.18712273240089417
}