{
    "loss": [
        1.5935602188110352,
        1.2093013525009155,
        1.024515986442566,
        0.893459141254425,
        0.786622941493988,
        0.7049524188041687,
        0.6306165456771851,
        0.5685840845108032,
        0.5115721225738525,
        0.45884981751441956,
        0.4152393341064453,
        0.37000659108161926,
        0.32881179451942444,
        0.295656681060791,
        0.2615480124950409,
        0.236647367477417,
        0.20127590000629425,
        0.18436165153980255,
        0.16461753845214844,
        0.15073224902153015,
        0.1337822824716568,
        0.12053212523460388,
        0.11094456166028976,
        0.09933864325284958,
        0.09278487414121628,
        0.08778668940067291,
        0.0812639519572258,
        0.0755840614438057,
        0.07157523185014725,
        0.06318984925746918,
        0.06246133893728256,
        0.061241328716278076,
        0.05576802045106888,
        0.053242504596710205,
        0.048566825687885284,
        0.04627120494842529,
        0.04287987947463989,
        0.04449373483657837,
        0.0403132401406765,
        0.037421196699142456
    ],
    "accuracy": [
        0.4837043881416321,
        0.6031805276870728,
        0.6628624796867371,
        0.7061054110527039,
        0.7412659525871277,
        0.768069863319397,
        0.790383517742157,
        0.8111506104469299,
        0.8307701945304871,
        0.8463735580444336,
        0.8605799674987793,
        0.874337375164032,
        0.8891549706459045,
        0.9004427790641785,
        0.9109198451042175,
        0.9188899397850037,
        0.9314873814582825,
        0.9371998906135559,
        0.9430370926856995,
        0.94842529296875,
        0.9540380239486694,
        0.9599750638008118,
        0.9625818729400635,
        0.9665107727050781,
        0.9682319760322571,
        0.9701777100563049,
        0.9721858501434326,
        0.9747676849365234,
        0.9761396646499634,
        0.978534460067749,
        0.9793825745582581,
        0.9796944260597229,
        0.9810165166854858,
        0.9829747676849365,
        0.9836607575416565,
        0.9847583174705505,
        0.9856938123703003,
        0.9855690598487854,
        0.9866791367530823,
        0.9875147938728333
    ],
    "val_loss": [
        2.56449031829834,
        1.5716065168380737,
        1.5833501815795898,
        1.6208176612854004,
        1.306488037109375,
        1.5519394874572754,
        1.197818398475647,
        1.0223493576049805,
        0.8775492310523987,
        1.0034703016281128,
        1.0284215211868286,
        1.1564916372299194,
        1.0095632076263428,
        1.1519484519958496,
        1.061909556388855,
        1.1055010557174683,
        1.1310760974884033,
        1.0228549242019653,
        1.2138997316360474,
        1.0198428630828857,
        0.9167764782905579,
        1.2296192646026611,
        0.9669787287712097,
        1.1221951246261597,
        1.0598176717758179,
        1.1197632551193237,
        1.247759461402893,
        1.1770740747451782,
        1.2218208312988281,
        1.1585612297058105,
        1.2989981174468994,
        1.2570134401321411,
        1.2446892261505127,
        1.3513741493225098,
        1.2508381605148315,
        1.221168875694275,
        1.4908924102783203,
        1.2157279253005981,
        1.4073631763458252,
        1.2897026538848877
    ],
    "val_accuracy": [
        0.3231883943080902,
        0.4736231863498688,
        0.5026087164878845,
        0.5226086974143982,
        0.5736231803894043,
        0.5646376609802246,
        0.6284058094024658,
        0.6646376848220825,
        0.7084057927131653,
        0.6942028999328613,
        0.6797101497650146,
        0.6776811480522156,
        0.7081159353256226,
        0.7049275636672974,
        0.6997101306915283,
        0.6968116164207458,
        0.7121739387512207,
        0.7431883811950684,
        0.708695650100708,
        0.7463768124580383,
        0.766376793384552,
        0.7240579724311829,
        0.7597101330757141,
        0.7594202756881714,
        0.7666666507720947,
        0.7678260803222656,
        0.7597101330757141,
        0.7585507035255432,
        0.7565217614173889,
        0.7559420466423035,
        0.7591304183006287,
        0.757681131362915,
        0.7573913335800171,
        0.7544927597045898,
        0.7660869359970093,
        0.7689855098724365,
        0.7527536153793335,
        0.775072455406189,
        0.7599999904632568,
        0.7791304588317871
    ]
}