{
    "loss": [
        1.604498028755188,
        1.2042673826217651,
        1.0162603855133057,
        0.8800984025001526,
        0.7706723809242249,
        0.6909676194190979,
        0.615711510181427,
        0.5567649006843567,
        0.49819064140319824,
        0.45368635654449463,
        0.4053298234939575,
        0.3647937476634979,
        0.3250514268875122,
        0.28995949029922485,
        0.25273004174232483,
        0.23013298213481903,
        0.19884590804576874,
        0.17667199671268463,
        0.16465529799461365,
        0.14502885937690735,
        0.13211314380168915,
        0.12285105139017105,
        0.11107870936393738,
        0.09957887977361679,
        0.09159496426582336,
        0.08233662694692612,
        0.08046464622020721,
        0.07371506094932556,
        0.0712163969874382,
        0.06481200456619263,
        0.058638110756874084,
        0.05804973840713501,
        0.05439436063170433,
        0.04865202680230141,
        0.049515869468450546,
        0.047854337841272354,
        0.045388899743556976,
        0.04392213001847267,
        0.038737814873456955,
        0.03863551840186119
    ],
    "accuracy": [
        0.4794512093067169,
        0.6032179594039917,
        0.6656314134597778,
        0.7095354199409485,
        0.7467165589332581,
        0.7733957171440125,
        0.7950483560562134,
        0.8162270188331604,
        0.8341253399848938,
        0.8476333022117615,
        0.8651200532913208,
        0.8754724264144897,
        0.8900031447410583,
        0.9023635983467102,
        0.9133395552635193,
        0.9205238819122314,
        0.9317243695259094,
        0.9396445155143738,
        0.9433489441871643,
        0.9510695338249207,
        0.9539382457733154,
        0.9578796625137329,
        0.9617212414741516,
        0.9661615490913391,
        0.9688805937767029,
        0.9720112085342407,
        0.9731212854385376,
        0.9752915501594543,
        0.9758902192115784,
        0.9780979156494141,
        0.9805051684379578,
        0.9806298613548279,
        0.9819145798683167,
        0.9840598702430725,
        0.9834612011909485,
        0.9844839572906494,
        0.9847957491874695,
        0.9856688380241394,
        0.9871780276298523,
        0.9873526692390442
    ],
    "val_loss": [
        2.4356164932250977,
        1.8496037721633911,
        1.6317404508590698,
        1.3204388618469238,
        1.208472728729248,
        1.2349809408187866,
        1.1933369636535645,
        1.3188316822052002,
        1.042603611946106,
        1.0826021432876587,
        1.019742727279663,
        1.1069890260696411,
        1.0639300346374512,
        0.8430723547935486,
        0.9663528800010681,
        1.0333447456359863,
        0.9869747757911682,
        1.074080228805542,
        0.9295475482940674,
        1.144469976425171,
        1.1896812915802002,
        1.0026923418045044,
        1.0800424814224243,
        1.0296752452850342,
        1.1162225008010864,
        1.2052521705627441,
        1.1554489135742188,
        1.1603809595108032,
        1.3971575498580933,
        1.3354227542877197,
        1.2639000415802002,
        1.2362416982650757,
        1.2493387460708618,
        1.340761423110962,
        1.181705117225647,
        1.3758704662322998,
        1.10955810546875,
        1.3609049320220947,
        1.356316328048706,
        1.384629487991333
    ],
    "val_accuracy": [
        0.3400000035762787,
        0.4286956489086151,
        0.4794203042984009,
        0.5811594128608704,
        0.620579719543457,
        0.6066666841506958,
        0.6281159520149231,
        0.6191304326057434,
        0.670724630355835,
        0.6808695793151855,
        0.7124637961387634,
        0.6753623485565186,
        0.6994202733039856,
        0.755362331867218,
        0.717391312122345,
        0.7350724935531616,
        0.7402898669242859,
        0.7307246327400208,
        0.7547826170921326,
        0.7255072593688965,
        0.7292753458023071,
        0.760869562625885,
        0.757681131362915,
        0.7649275064468384,
        0.7550724744796753,
        0.7562319040298462,
        0.7623188495635986,
        0.7678260803222656,
        0.7289854884147644,
        0.7657970786094666,
        0.7513043284416199,
        0.7660869359970093,
        0.7605797052383423,
        0.7582608461380005,
        0.7762318849563599,
        0.7657970786094666,
        0.7788406014442444,
        0.7707246541976929,
        0.7799999713897705,
        0.755362331867218
    ]
}