{
    "test_acc_original_data": 0.7769473791122437,
    "test_acc_gaussian_noise": 0.7936188578605652,
    "test_acc_salt_pepper_noise": 0.7007761001586914
}