{
    "loss": [
        0.5347155928611755,
        0.48549485206604004,
        0.44289976358413696,
        0.4047689735889435,
        0.37707605957984924,
        0.3477781414985657,
        0.31962794065475464,
        0.2948382794857025,
        0.27625802159309387,
        0.25300323963165283,
        0.23284652829170227,
        0.21854707598686218,
        0.20003876090049744,
        0.18027721345424652,
        0.16775429248809814,
        0.1538344919681549,
        0.14653748273849487,
        0.13331420719623566,
        0.12389382719993591,
        0.11426744610071182
    ],
    "accuracy": [
        0.8271780610084534,
        0.84222012758255,
        0.8557405471801758,
        0.8680261969566345,
        0.8765825033187866,
        0.8862738013267517,
        0.894468367099762,
        0.9021764993667603,
        0.9081633687019348,
        0.915459930896759,
        0.9215341210365295,
        0.926847517490387,
        0.9328967928886414,
        0.9393202662467957,
        0.9434736371040344,
        0.947938859462738,
        0.9505831003189087,
        0.9542002081871033,
        0.957268476486206,
        0.9602245092391968
    ],
    "val_loss": [
        0.9552648067474365,
        0.9294326305389404,
        0.8707162141799927,
        0.8863489031791687,
        0.7730918526649475,
        0.80712890625,
        0.8902198672294617,
        0.7245653867721558,
        0.9348634481430054,
        0.8400150537490845,
        0.7724867463111877,
        0.741813600063324,
        0.7806710004806519,
        0.7876799702644348,
        0.8780256509780884,
        0.7917085886001587,
        0.9212037324905396,
        0.7373462319374084,
        0.8527783155441284,
        0.8592631816864014
    ],
    "val_accuracy": [
        0.6921738982200623,
        0.7104347944259644,
        0.7197101712226868,
        0.7278260588645935,
        0.752173900604248,
        0.7472463846206665,
        0.7371014356613159,
        0.7834782600402832,
        0.7397101521492004,
        0.7565217614173889,
        0.7863768339157104,
        0.7942029237747192,
        0.7756521701812744,
        0.7924637794494629,
        0.7626087069511414,
        0.7930434942245483,
        0.771594226360321,
        0.7991304397583008,
        0.7886956334114075,
        0.7878260612487793
    ]
}