{
    "test_acc_original_data": 0.5993101596832275,
    "test_acc_gaussian_noise": 0.7312446236610413,
    "test_acc_salt_pepper_noise": 0.6654210686683655
}