{
    "loss": [
        1.8304394483566284,
        1.413625717163086,
        1.2169160842895508,
        1.0716251134872437,
        0.9640193581581116,
        0.8771161437034607,
        0.8003117442131042,
        0.7324574589729309,
        0.6734111905097961,
        0.6190600991249084,
        0.5661501884460449,
        0.5213208198547363,
        0.47732359170913696,
        0.4338565170764923,
        0.39542967081069946,
        0.3589809834957123,
        0.32487985491752625,
        0.29831475019454956,
        0.26770612597465515,
        0.2400660216808319,
        0.22578322887420654,
        0.20398834347724915,
        0.19011364877223969,
        0.17191685736179352,
        0.1573466807603836,
        0.14749152958393097,
        0.1356843113899231,
        0.12734052538871765,
        0.11968103051185608,
        0.11163382977247238,
        0.1024060770869255,
        0.09945225715637207,
        0.09376369416713715,
        0.08901766687631607,
        0.08070652186870575,
        0.0787864550948143,
        0.07328286021947861,
        0.0724896714091301,
        0.07037908583879471,
        0.0665302574634552
    ],
    "accuracy": [
        0.41157469153404236,
        0.5401684045791626,
        0.6033800840377808,
        0.6507390141487122,
        0.683280348777771,
        0.7142126560211182,
        0.7395572066307068,
        0.7608107328414917,
        0.7779232859611511,
        0.7944121956825256,
        0.8127471208572388,
        0.8258434534072876,
        0.8399750590324402,
        0.8535703420639038,
        0.8648581504821777,
        0.8782662749290466,
        0.8889928460121155,
        0.8976738452911377,
        0.9085874557495117,
        0.9179045557975769,
        0.9218708872795105,
        0.9296538829803467,
        0.9333083629608154,
        0.9410539269447327,
        0.9455441236495972,
        0.9488992691040039,
        0.9539382457733154,
        0.9565575122833252,
        0.959326446056366,
        0.9620205760002136,
        0.9647021889686584,
        0.9659619331359863,
        0.968069851398468,
        0.9700155854225159,
        0.9724477529525757,
        0.9735203981399536,
        0.9748425483703613,
        0.9758528470993042,
        0.9759775400161743,
        0.9772747159004211
    ],
    "val_loss": [
        2.4608917236328125,
        2.160101890563965,
        1.8979698419570923,
        1.9132294654846191,
        1.5256156921386719,
        1.4833933115005493,
        1.4546985626220703,
        1.2215332984924316,
        1.5725971460342407,
        1.3604744672775269,
        1.4704920053482056,
        1.0972267389297485,
        1.130144476890564,
        1.0949033498764038,
        1.2566275596618652,
        1.348413348197937,
        1.154515266418457,
        1.2432504892349243,
        1.1602914333343506,
        1.160915732383728,
        1.2473341226577759,
        1.3179622888565063,
        1.4554327726364136,
        1.235978603363037,
        1.2760348320007324,
        1.3067635297775269,
        1.2714805603027344,
        1.3741785287857056,
        1.2416290044784546,
        1.2290985584259033,
        1.3480380773544312,
        1.5093204975128174,
        1.3887481689453125,
        1.4352110624313354,
        1.3519774675369263,
        1.542505145072937,
        1.5747624635696411,
        1.3785903453826904,
        1.2696902751922607,
        1.4394094944000244
    ],
    "val_accuracy": [
        0.33478260040283203,
        0.3684057891368866,
        0.4423188269138336,
        0.46521738171577454,
        0.5173913240432739,
        0.5426086783409119,
        0.5594202876091003,
        0.6005797386169434,
        0.5698550939559937,
        0.6066666841506958,
        0.6000000238418579,
        0.6571014523506165,
        0.6515942215919495,
        0.6710144877433777,
        0.6559420228004456,
        0.6388405561447144,
        0.6802898645401001,
        0.6686956286430359,
        0.681449294090271,
        0.6913043260574341,
        0.6773912906646729,
        0.6875362396240234,
        0.6773912906646729,
        0.697970986366272,
        0.7159420251846313,
        0.7026087045669556,
        0.7017391324043274,
        0.711884081363678,
        0.7205796837806702,
        0.7321739196777344,
        0.722898542881012,
        0.7020289897918701,
        0.7278260588645935,
        0.7234782576560974,
        0.7350724935531616,
        0.7217391133308411,
        0.7113043665885925,
        0.7136231660842896,
        0.7449275255203247,
        0.7330434918403625
    ]
}