{
    "loss": [
        1.5003185272216797,
        1.059754490852356,
        0.8691248893737793,
        0.7553185224533081,
        0.6705145239830017,
        0.6037014722824097,
        0.5473065972328186,
        0.5011656880378723,
        0.4536854922771454,
        0.4140867292881012,
        0.37806645035743713,
        0.3418727219104767,
        0.3144531846046448,
        0.2804969251155853,
        0.257701575756073,
        0.23185095191001892,
        0.20685157179832458,
        0.1897931545972824,
        0.1731632649898529,
        0.15729664266109467,
        0.14260686933994293,
        0.13154946267604828,
        0.12142904847860336,
        0.11337210237979889,
        0.10441160202026367,
        0.09928257018327713,
        0.09026607871055603,
        0.08541018515825272,
        0.07975601404905319,
        0.07393104583024979,
        0.06838362663984299,
        0.06798175722360611,
        0.06397699564695358,
        0.0590360090136528,
        0.054684724658727646,
        0.056472375988960266,
        0.05140799283981323,
        0.04935149848461151,
        0.04809736832976341,
        0.043401725590229034
    ],
    "accuracy": [
        0.5195509791374207,
        0.6569628715515137,
        0.7159463763237,
        0.7528032660484314,
        0.7826878428459167,
        0.8036919236183167,
        0.8204053640365601,
        0.8361459374427795,
        0.8512753248214722,
        0.862388551235199,
        0.873751163482666,
        0.8854755163192749,
        0.893932044506073,
        0.9049204587936401,
        0.9120299220085144,
        0.9214094281196594,
        0.9288431406021118,
        0.9349048733711243,
        0.9410165548324585,
        0.9460804462432861,
        0.9516432881355286,
        0.9546242356300354,
        0.958840012550354,
        0.9607732892036438,
        0.9639912843704224,
        0.9662737846374512,
        0.9688307046890259,
        0.9703274369239807,
        0.9727097153663635,
        0.9748175740242004,
        0.9763766527175903,
        0.9775740504264832,
        0.978322446346283,
        0.9799314141273499,
        0.9816401600837708,
        0.9816775918006897,
        0.9830495715141296,
        0.9835983514785767,
        0.9835110902786255,
        0.9855690598487854
    ],
    "val_loss": [
        1.9284809827804565,
        1.9780352115631104,
        1.466357946395874,
        1.253920078277588,
        1.3694632053375244,
        1.1706526279449463,
        1.3247367143630981,
        1.1583040952682495,
        1.0766575336456299,
        0.9571181535720825,
        1.0621484518051147,
        0.9763311147689819,
        0.8172687292098999,
        0.9561412334442139,
        0.8324738144874573,
        0.8648697137832642,
        0.8792670369148254,
        0.8212754726409912,
        0.9535207152366638,
        1.0701587200164795,
        1.0375787019729614,
        0.8431975841522217,
        0.9037197232246399,
        0.9036722183227539,
        1.0282577276229858,
        1.003409743309021,
        0.8517857789993286,
        1.0889958143234253,
        1.09175705909729,
        1.1919337511062622,
        1.0676108598709106,
        0.9937890768051147,
        1.1525191068649292,
        0.9569944739341736,
        1.0282493829727173,
        0.9384753108024597,
        1.1396214962005615,
        1.1423686742782593,
        0.9462419152259827,
        1.0273884534835815
    ],
    "val_accuracy": [
        0.4455072581768036,
        0.4762318730354309,
        0.5486956238746643,
        0.5950724482536316,
        0.59014493227005,
        0.6388405561447144,
        0.6284058094024658,
        0.6501449346542358,
        0.676231861114502,
        0.7107246518135071,
        0.699999988079071,
        0.7263768315315247,
        0.7417391538619995,
        0.7342029213905334,
        0.7631884217262268,
        0.757681131362915,
        0.7631884217262268,
        0.7655072212219238,
        0.7605797052383423,
        0.735942006111145,
        0.7518840432167053,
        0.780579686164856,
        0.7840579748153687,
        0.7785507440567017,
        0.7623188495635986,
        0.7730434536933899,
        0.7947825789451599,
        0.7524637579917908,
        0.7724637389183044,
        0.7620289921760559,
        0.7730434536933899,
        0.7831884026527405,
        0.7762318849563599,
        0.7915942072868347,
        0.791304349899292,
        0.8084058165550232,
        0.7768115997314453,
        0.7855072617530823,
        0.8118840456008911,
        0.7965217232704163
    ]
}