{"loss": [1.3108502626419067, 1.1082144975662231, 1.0368794202804565, 0.9956148862838745, 0.9571316838264465, 0.9573209285736084, 0.9114879369735718, 0.8687416911125183, 0.8581423163414001, 0.8700428009033203, 0.855800211429596, 0.8330217003822327, 0.8216314911842346, 0.8188355565071106, 0.8141780495643616, 0.7973124384880066, 0.81772780418396, 0.7819069027900696, 0.780625581741333, 0.7750732898712158, 0.7866563200950623, 0.7774484157562256, 0.7614221572875977, 0.7464309930801392, 0.7495713233947754, 0.7525932192802429, 0.7404347658157349, 0.7351663112640381, 0.714175820350647, 0.7203143835067749, 0.7258685827255249, 0.7017571330070496, 0.7074218988418579, 0.7031704187393188, 0.7104584574699402, 0.6933081746101379, 0.6898371577262878, 0.6791206002235413, 0.6735060811042786, 0.6611539125442505, 0.6647232174873352, 0.6530667543411255, 0.6508979201316833, 0.6485443711280823, 0.6483206748962402, 0.6403217315673828, 0.6294216513633728, 0.6388876438140869, 0.6424175500869751, 0.6283800005912781], "accuracy": [0.5917305946350098, 0.6386903524398804, 0.6599314212799072, 0.6732397675514221, 0.6864608526229858, 0.6853757500648499, 0.6986591815948486, 0.7134268879890442, 0.7176176905632019, 0.7105581760406494, 0.7171312570571899, 0.7226442098617554, 0.7248269319534302, 0.7272965312004089, 0.7322232723236084, 0.7350420951843262, 0.7278827428817749, 0.7383224368095398, 0.7401559352874756, 0.7438353896141052, 0.7368506193161011, 0.7426754236221313, 0.7479264140129089, 0.7541752457618713, 0.7507702112197876, 0.7498846054077148, 0.7551855444908142, 0.7557218670845032, 0.7623323798179626, 0.7611973881721497, 0.7587776780128479, 0.7666853666305542, 0.7642531991004944, 0.7648892998695374, 0.7627315521240234, 0.768631100654602, 0.7698035836219788, 0.7724976539611816, 0.7762145400047302, 0.7799937725067139, 0.7775865197181702, 0.7813408374786377, 0.7810414433479309, 0.7851948738098145, 0.7838104367256165, 0.7849578857421875, 0.789585292339325, 0.7865169644355774, 0.7833489179611206, 0.7896227240562439], "val_loss": [1.3985884189605713, 1.5011389255523682, 1.4385075569152832, 1.3567800521850586, 1.422363042831421, 1.2841359376907349, 1.1653292179107666, 1.1996450424194336, 1.2038377523422241, 1.1490525007247925, 1.2842869758605957, 1.2471873760223389, 1.2845447063446045, 1.1856420040130615, 1.1904432773590088, 1.1932549476623535, 1.0939031839370728, 1.1197410821914673, 1.2229913473129272, 1.106021761894226, 1.2344412803649902, 1.126328706741333, 1.1806193590164185, 1.2067407369613647, 1.2044737339019775, 1.195341944694519, 1.119107961654663, 1.140345811843872, 1.2293710708618164, 1.0873076915740967, 1.189314603805542, 1.1941680908203125, 1.2686463594436646, 1.1890676021575928, 1.1621630191802979, 1.1855156421661377, 1.158610463142395, 1.206059455871582, 1.1024788618087769, 1.1374543905258179, 1.227550983428955, 1.1222707033157349, 1.1394275426864624, 1.1299829483032227, 1.1294127702713013, 1.1336588859558105, 1.1557698249816895, 1.110374093055725, 1.186698317527771, 1.2651655673980713], "val_accuracy": [0.577101469039917, 0.5481159687042236, 0.5657970905303955, 0.5895652174949646, 0.6063768267631531, 0.6121739149093628, 0.6344927549362183, 0.6530434489250183, 0.6257970929145813, 0.6437681317329407, 0.6289855241775513, 0.6147826313972473, 0.6136232018470764, 0.640289843082428, 0.643478274345398, 0.6278260946273804, 0.6689854860305786, 0.6542028784751892, 0.6330434679985046, 0.6573913097381592, 0.6350724697113037, 0.6547825932502747, 0.6588405966758728, 0.6475362181663513, 0.6515942215919495, 0.6440579891204834, 0.6571014523506165, 0.6611593961715698, 0.6486956477165222, 0.6695652008056641, 0.6660869717597961, 0.6628985404968262, 0.656521737575531, 0.6591304540634155, 0.6646376848220825, 0.6428985595703125, 0.6527536511421204, 0.6443478465080261, 0.6742029190063477, 0.6698550581932068, 0.6628985404968262, 0.6736232042312622, 0.662028968334198, 0.6675362586975098, 0.6643478274345398, 0.6692753434181213, 0.6742029190063477, 0.6831883788108826, 0.6669565439224243, 0.6582608819007874]}