{
    "loss": [
        1.3312424421310425,
        0.8729735612869263,
        0.6924673318862915,
        0.5849097967147827,
        0.5070291757583618,
        0.441596120595932,
        0.38962051272392273,
        0.34112265706062317,
        0.30085811018943787,
        0.26295122504234314,
        0.22967305779457092,
        0.2001671940088272,
        0.17147134244441986,
        0.14824555814266205,
        0.1304471492767334,
        0.11430025845766068,
        0.0993608608841896,
        0.08999639004468918,
        0.07904743403196335,
        0.06952265650033951,
        0.06173994392156601,
        0.0560084767639637,
        0.053174518048763275,
        0.04917275160551071,
        0.04427684098482132,
        0.040295735001564026,
        0.03585837781429291,
        0.03641435131430626,
        0.033824969083070755,
        0.03203780576586723,
        0.029025878757238388,
        0.029261514544487,
        0.022551540285348892,
        0.023621072992682457,
        0.021804748103022575,
        0.022951999679207802,
        0.022424980998039246,
        0.02132057584822178,
        0.01901652291417122,
        0.01724417507648468
    ],
    "accuracy": [
        0.5666230320930481,
        0.716457724571228,
        0.7748300433158875,
        0.8092796802520752,
        0.8338509798049927,
        0.8562644124031067,
        0.8721297383308411,
        0.8869722485542297,
        0.9002681374549866,
        0.9120174646377563,
        0.9226317405700684,
        0.9317742586135864,
        0.9415279030799866,
        0.9499594569206238,
        0.9554599523544312,
        0.9615341424942017,
        0.9668475389480591,
        0.9698035717010498,
        0.9734331369400024,
        0.9768880605697632,
        0.979706883430481,
        0.9816651344299316,
        0.9825881123542786,
        0.9840598702430725,
        0.9851076006889343,
        0.9874025583267212,
        0.9884876608848572,
        0.9883379936218262,
        0.9890614151954651,
        0.989884614944458,
        0.9903960227966309,
        0.9905831217765808,
        0.9926410913467407,
        0.9923916459083557,
        0.9929654002189636,
        0.9927907586097717,
        0.9929155111312866,
        0.9934642910957336,
        0.9939756989479065,
        0.9947988986968994
    ],
    "val_loss": [
        1.5117920637130737,
        1.2695178985595703,
        1.087821125984192,
        0.9416253566741943,
        0.9037359952926636,
        0.9106957912445068,
        1.105518102645874,
        0.756968080997467,
        0.7948819398880005,
        0.8166292905807495,
        0.6569041609764099,
        0.7095487713813782,
        0.7395749092102051,
        0.7994663119316101,
        0.754491925239563,
        0.7634013295173645,
        0.7920987010002136,
        0.8687477111816406,
        0.8735524415969849,
        0.8585923314094543,
        0.8808503746986389,
        1.0237231254577637,
        0.829302966594696,
        0.7764162421226501,
        0.9837638139724731,
        0.8305515646934509,
        0.8523080348968506,
        0.8029568791389465,
        0.8581256866455078,
        0.8062605857849121,
        1.0242282152175903,
        0.8634024262428284,
        0.8144150376319885,
        0.8776136636734009,
        0.9414255023002625,
        0.9384281635284424,
        0.7873600125312805,
        0.8013919591903687,
        0.8249258399009705,
        0.8281368613243103
    ],
    "val_accuracy": [
        0.5202898383140564,
        0.5924637913703918,
        0.6663768291473389,
        0.7005797028541565,
        0.7185507416725159,
        0.7231884002685547,
        0.6840579509735107,
        0.7747825980186462,
        0.7463768124580383,
        0.7617391347885132,
        0.7976811528205872,
        0.8028985261917114,
        0.7997101545333862,
        0.7915942072868347,
        0.7994202971458435,
        0.8049275279045105,
        0.8014492988586426,
        0.7927536368370056,
        0.7994202971458435,
        0.8072463870048523,
        0.816231906414032,
        0.805507242679596,
        0.829275369644165,
        0.8333333134651184,
        0.7979710102081299,
        0.8260869383811951,
        0.8255072236061096,
        0.8313043713569641,
        0.823768138885498,
        0.8399999737739563,
        0.8147826194763184,
        0.834782600402832,
        0.8356521725654602,
        0.8318840861320496,
        0.8333333134651184,
        0.837971031665802,
        0.8481159210205078,
        0.843478262424469,
        0.8394203186035156,
        0.8486956357955933
    ]
}