{
    "loss": [
        1.0859277248382568,
        0.5934144258499146,
        0.4567447602748871,
        0.37685924768447876,
        0.3137549161911011,
        0.26104024052619934,
        0.2191430926322937,
        0.18154360353946686,
        0.14753618836402893,
        0.12195219844579697,
        0.09854884445667267,
        0.07982905954122543,
        0.06665003299713135,
        0.05430527776479721,
        0.04647037759423256,
        0.0399274006485939,
        0.03457624092698097,
        0.030166013166308403,
        0.027241045609116554,
        0.022715609520673752,
        0.02229970507323742,
        0.01858857087790966,
        0.019118880853056908,
        0.015669627115130424,
        0.01328152697533369,
        0.013933302834630013,
        0.012320778332650661,
        0.011734787374734879,
        0.01189789641648531,
        0.010305380448698997,
        0.010583600029349327,
        0.009719117544591427,
        0.009171971119940281,
        0.007882603444159031,
        0.008005392737686634,
        0.008541631512343884,
        0.006691512186080217,
        0.007177202962338924,
        0.006506921723484993,
        0.006316483952105045
    ],
    "accuracy": [
        0.6474337577819824,
        0.810028076171875,
        0.8530464768409729,
        0.8771936297416687,
        0.8985095024108887,
        0.9144620895385742,
        0.9290552139282227,
        0.9407296776771545,
        0.9522294998168945,
        0.9606111645698547,
        0.9687309265136719,
        0.9760025143623352,
        0.9793576598167419,
        0.9834113121032715,
        0.9864920377731323,
        0.9884876608848572,
        0.9905082583427429,
        0.9920424222946167,
        0.9921920895576477,
        0.9939881563186646,
        0.9940879344940186,
        0.9950732588768005,
        0.9948487877845764,
        0.9962956309318542,
        0.9967695474624634,
        0.9963455200195312,
        0.9967820644378662,
        0.9970564246177673,
        0.9969940781593323,
        0.9975304007530212,
        0.9974181652069092,
        0.9974680542945862,
        0.9978547096252441,
        0.9980791807174683,
        0.9979420304298401,
        0.9979045987129211,
        0.998528242111206,
        0.9981166124343872,
        0.9985406994819641,
        0.9984034895896912
    ],
    "val_loss": [
        1.3243250846862793,
        0.8065241575241089,
        0.8619926571846008,
        0.6489916443824768,
        0.618392288684845,
        0.6405578851699829,
        0.5713323950767517,
        0.6017801761627197,
        0.6296027898788452,
        0.5628746151924133,
        0.5422402024269104,
        0.6426258683204651,
        0.5983535647392273,
        0.5152758359909058,
        0.6212468147277832,
        0.5896261930465698,
        0.5565634369850159,
        0.6583855748176575,
        0.6289294362068176,
        0.672781229019165,
        0.6259645223617554,
        0.6515251398086548,
        0.5965613722801208,
        0.6375173926353455,
        0.6646931767463684,
        0.7631136775016785,
        0.6527146100997925,
        0.663453221321106,
        0.6358860731124878,
        0.716170608997345,
        0.6710688471794128,
        0.6036315560340881,
        0.6933878064155579,
        0.6482126116752625,
        0.7013562321662903,
        0.6345642805099487,
        0.6672276854515076,
        0.714591920375824,
        0.656324565410614,
        0.6575076580047607
    ],
    "val_accuracy": [
        0.6057971119880676,
        0.7333333492279053,
        0.7252174019813538,
        0.7831884026527405,
        0.7965217232704163,
        0.802029013633728,
        0.8231884241104126,
        0.8191304206848145,
        0.8142029047012329,
        0.8408695459365845,
        0.8457971215248108,
        0.8220289945602417,
        0.8449275493621826,
        0.8547825813293457,
        0.8449275493621826,
        0.846666693687439,
        0.862028956413269,
        0.8414492607116699,
        0.8504347801208496,
        0.854492723941803,
        0.8533333539962769,
        0.8573912978172302,
        0.8562318682670593,
        0.8536232113838196,
        0.8588405847549438,
        0.8399999737739563,
        0.8579710125923157,
        0.8588405847549438,
        0.8608695864677429,
        0.8573912978172302,
        0.8617391586303711,
        0.8681159615516663,
        0.8634782433509827,
        0.8753623366355896,
        0.857681155204773,
        0.8681159615516663,
        0.8623188138008118,
        0.862028956413269,
        0.8689855337142944,
        0.865217387676239
    ]
}