{
    "loss": [
        1.5986164808273315,
        1.2177460193634033,
        1.0262967348098755,
        0.8915008902549744,
        0.7821590304374695,
        0.6960929036140442,
        0.6259007453918457,
        0.5594757795333862,
        0.5064926147460938,
        0.4574180543422699,
        0.412137895822525,
        0.3693336248397827,
        0.323882520198822,
        0.2921171188354492,
        0.2584575116634369,
        0.2328120917081833,
        0.20330239832401276,
        0.182003453373909,
        0.1626870483160019,
        0.14666756987571716,
        0.13437744975090027,
        0.12468124181032181,
        0.11109612882137299,
        0.10261836647987366,
        0.09566833078861237,
        0.08861476182937622,
        0.08088912814855576,
        0.07453357428312302,
        0.071436308324337,
        0.06510734558105469,
        0.060348089784383774,
        0.0589807890355587,
        0.054791323840618134,
        0.05521911382675171,
        0.05108048394322395,
        0.04589958116412163,
        0.0447569414973259,
        0.04227590188384056,
        0.0421750508248806,
        0.040460340678691864
    ],
    "accuracy": [
        0.4822450876235962,
        0.601396918296814,
        0.662949800491333,
        0.7068163156509399,
        0.7435858845710754,
        0.7718865275382996,
        0.7951605916023254,
        0.8142812848091125,
        0.8314686417579651,
        0.8476956486701965,
        0.8603928685188293,
        0.8755347728729248,
        0.8898160457611084,
        0.9000062346458435,
        0.9113938212394714,
        0.9207109212875366,
        0.9305519461631775,
        0.9380230903625488,
        0.9444963932037354,
        0.9493857026100159,
        0.9543623328208923,
        0.9572310447692871,
        0.9617960453033447,
        0.9657623767852783,
        0.9680448770523071,
        0.9704521298408508,
        0.9727596044540405,
        0.9747302532196045,
        0.9764889478683472,
        0.978235125541687,
        0.9795946478843689,
        0.9802681803703308,
        0.9813408255577087,
        0.9810788631439209,
        0.9828250408172607,
        0.9848580956459045,
        0.9845338463783264,
        0.9860554933547974,
        0.9859806895256042,
        0.9865793585777283
    ],
    "val_loss": [
        2.3118937015533447,
        1.6455026865005493,
        1.67551589012146,
        1.491441249847412,
        1.390944480895996,
        1.3565584421157837,
        1.1982862949371338,
        0.9713881611824036,
        1.161116361618042,
        1.1369866132736206,
        1.0429614782333374,
        0.8252230286598206,
        1.058966875076294,
        0.9420660734176636,
        0.9089394211769104,
        1.063606858253479,
        1.2357531785964966,
        1.0744887590408325,
        1.0910316705703735,
        1.189736008644104,
        1.0609595775604248,
        1.2079631090164185,
        1.0403223037719727,
        1.0290510654449463,
        1.3527297973632812,
        1.0642719268798828,
        1.2867494821548462,
        1.1086652278900146,
        1.12556791305542,
        1.0974830389022827,
        1.1546962261199951,
        1.2258710861206055,
        1.2655268907546997,
        1.212023138999939,
        1.0965032577514648,
        1.3607925176620483,
        1.214708685874939,
        1.1794941425323486,
        1.273890733718872,
        1.1603116989135742
    ],
    "val_accuracy": [
        0.3481159508228302,
        0.47130435705184937,
        0.4817391335964203,
        0.5321739315986633,
        0.5744927525520325,
        0.5910145044326782,
        0.6301449537277222,
        0.6881159543991089,
        0.6573913097381592,
        0.6634782552719116,
        0.6904347538948059,
        0.735942006111145,
        0.6991304159164429,
        0.7301449179649353,
        0.7457970976829529,
        0.7075362205505371,
        0.7205796837806702,
        0.7350724935531616,
        0.7327536344528198,
        0.7373912930488586,
        0.7518840432167053,
        0.7347826361656189,
        0.7565217614173889,
        0.7582608461380005,
        0.7405797243118286,
        0.7524637579917908,
        0.7599999904632568,
        0.7631884217262268,
        0.7672463655471802,
        0.7646377086639404,
        0.7762318849563599,
        0.7652173638343811,
        0.7565217614173889,
        0.7759420275688171,
        0.7617391347885132,
        0.7611594200134277,
        0.7843478322029114,
        0.7889854907989502,
        0.7765217423439026,
        0.7884057760238647
    ]
}