{
    "loss": [
        1.0316694974899292,
        0.5847549438476562,
        0.4556328356266022,
        0.3758774399757385,
        0.31598159670829773,
        0.26644814014434814,
        0.22509652376174927,
        0.1879795640707016,
        0.15618285536766052,
        0.12916716933250427,
        0.10377515107393265,
        0.08631519228219986,
        0.06997359544038773,
        0.058390069752931595,
        0.049100350588560104,
        0.04209965094923973,
        0.03555721789598465,
        0.03231567144393921,
        0.02800850011408329,
        0.025493189692497253,
        0.022032495588064194,
        0.019535204395651817,
        0.0182539951056242,
        0.01756812445819378,
        0.014628557488322258,
        0.014741758815944195,
        0.013674283400177956,
        0.011675728484988213,
        0.01231463998556137,
        0.010939671657979488,
        0.010888013057410717,
        0.008729757741093636,
        0.00855075754225254,
        0.007847550325095654,
        0.007931622676551342,
        0.007388940081000328,
        0.00818126555532217,
        0.0077774678356945515,
        0.006495483685284853,
        0.006485100369900465
    ],
    "accuracy": [
        0.6688743233680725,
        0.8131836652755737,
        0.853507936000824,
        0.8794886469841003,
        0.8994699120521545,
        0.9133769869804382,
        0.9267851710319519,
        0.9387714266777039,
        0.9492484927177429,
        0.95755535364151,
        0.9672092199325562,
        0.9730589389801025,
        0.978235125541687,
        0.9828749895095825,
        0.9850327372550964,
        0.9879388809204102,
        0.9902588129043579,
        0.9909697771072388,
        0.9921047687530518,
        0.9930028319358826,
        0.9937885999679565,
        0.9948612451553345,
        0.9951231479644775,
        0.9952479004859924,
        0.9962457418441772,
        0.9959713220596313,
        0.9964702129364014,
        0.9973058700561523,
        0.9967695474624634,
        0.9972060918807983,
        0.9972934126853943,
        0.9981166124343872,
        0.9979170560836792,
        0.9980916976928711,
        0.9978048205375671,
        0.9982163906097412,
        0.9979045987129211,
        0.9982413649559021,
        0.9986155033111572,
        0.9984159469604492
    ],
    "val_loss": [
        1.123426914215088,
        0.9487349987030029,
        0.8456735014915466,
        0.7511122822761536,
        0.5815836787223816,
        0.7090089917182922,
        0.6258472800254822,
        0.645577609539032,
        0.6197750568389893,
        0.527202308177948,
        0.6263843774795532,
        0.5047220587730408,
        0.523124635219574,
        0.7074729204177856,
        0.5869970917701721,
        0.5694904327392578,
        0.5455722212791443,
        0.6314213871955872,
        0.7234055995941162,
        0.6233053207397461,
        0.6388422250747681,
        0.6289523243904114,
        0.6651777029037476,
        0.6931350231170654,
        0.622873067855835,
        0.5734121203422546,
        0.6474469900131226,
        0.6212590336799622,
        0.7203107476234436,
        0.6651414036750793,
        0.6571484208106995,
        0.7610043883323669,
        0.71042400598526,
        0.6268388628959656,
        0.7698331475257874,
        0.6955243945121765,
        0.638971209526062,
        0.6638390421867371,
        0.6403060555458069,
        0.7151395082473755
    ],
    "val_accuracy": [
        0.6397101283073425,
        0.7110145092010498,
        0.7281159162521362,
        0.7730434536933899,
        0.8086956739425659,
        0.7788406014442444,
        0.8115941882133484,
        0.8081159591674805,
        0.8240579962730408,
        0.8420289754867554,
        0.8260869383811951,
        0.8539130687713623,
        0.852173924446106,
        0.8188405632972717,
        0.8469565510749817,
        0.8539130687713623,
        0.8634782433509827,
        0.8533333539962769,
        0.8301449418067932,
        0.859710156917572,
        0.852173924446106,
        0.8594202995300293,
        0.8524637818336487,
        0.848985493183136,
        0.8591304421424866,
        0.8695651888847351,
        0.8562318682670593,
        0.8646376729011536,
        0.8492753505706787,
        0.8626086711883545,
        0.8655072450637817,
        0.852173924446106,
        0.8602898716926575,
        0.8675362467765808,
        0.8547825813293457,
        0.8637681007385254,
        0.8686956763267517,
        0.8646376729011536,
        0.8724637627601624,
        0.8611594438552856
    ]
}