{
    "test_acc_original_data": 0.44409313797950745,
    "test_acc_gaussian_noise": 0.7775222659111023,
    "test_acc_salt_pepper_noise": 0.7424547076225281
}