{
    "loss": [
        1.536888837814331,
        1.0862947702407837,
        0.8942033052444458,
        0.7784709930419922,
        0.6914941668510437,
        0.622890830039978,
        0.5671584010124207,
        0.5134984254837036,
        0.4664405882358551,
        0.4266999065876007,
        0.3915618062019348,
        0.3542972803115845,
        0.32323890924453735,
        0.29342442750930786,
        0.2622513175010681,
        0.24167943000793457,
        0.21711304783821106,
        0.19889284670352936,
        0.18042254447937012,
        0.1694689840078354,
        0.14721013605594635,
        0.13634474575519562,
        0.1261427104473114,
        0.1197432354092598,
        0.106516033411026,
        0.10088331997394562,
        0.09393476694822311,
        0.08655521273612976,
        0.08534550666809082,
        0.07829599827528,
        0.07491151243448257,
        0.07083143293857574,
        0.06697472929954529,
        0.06081704795360565,
        0.05825680494308472,
        0.056576166301965714,
        0.05475516989827156,
        0.05071849748492241,
        0.048694491386413574,
        0.04557604342699051
    ],
    "accuracy": [
        0.5031244158744812,
        0.6466105580329895,
        0.7097848653793335,
        0.746504545211792,
        0.7747053503990173,
        0.7967945337295532,
        0.8130589127540588,
        0.8316807150840759,
        0.8454880118370056,
        0.8584970235824585,
        0.8689491748809814,
        0.8818085193634033,
        0.8916994333267212,
        0.9000312089920044,
        0.9107577204704285,
        0.917517900466919,
        0.9247770309448242,
        0.9319613575935364,
        0.9379482269287109,
        0.9412909150123596,
        0.9491237998008728,
        0.9531524777412415,
        0.9563454985618591,
        0.9591394066810608,
        0.9636170864105225,
        0.9657000303268433,
        0.9680947661399841,
        0.9702151417732239,
        0.9708138704299927,
        0.9731462597846985,
        0.9747053384780884,
        0.9764889478683472,
        0.977885901927948,
        0.9795323014259338,
        0.9809417128562927,
        0.9812659621238708,
        0.9816277027130127,
        0.9830620288848877,
        0.9844215512275696,
        0.9849579334259033
    ],
    "val_loss": [
        1.8670369386672974,
        1.511272668838501,
        1.308880090713501,
        1.4416375160217285,
        1.1021699905395508,
        1.055240511894226,
        0.9509357810020447,
        1.0164599418640137,
        0.9708504676818848,
        0.8530769944190979,
        0.899809718132019,
        1.0473415851593018,
        0.9515236020088196,
        0.758576512336731,
        1.0280818939208984,
        0.927501916885376,
        1.0788300037384033,
        0.922958254814148,
        0.8699927926063538,
        0.9471564888954163,
        0.9511597752571106,
        0.9655090570449829,
        0.9322951436042786,
        1.1223225593566895,
        1.0014609098434448,
        0.9631076455116272,
        1.166640043258667,
        1.0439732074737549,
        0.9503979086875916,
        1.1702725887298584,
        0.992737889289856,
        1.007696270942688,
        1.0299822092056274,
        0.9368559122085571,
        1.1272380352020264,
        1.1845473051071167,
        1.2545877695083618,
        1.0617331266403198,
        1.0203886032104492,
        1.0723395347595215
    ],
    "val_accuracy": [
        0.4115942120552063,
        0.5194202661514282,
        0.5788405537605286,
        0.5669565200805664,
        0.6307246088981628,
        0.6594203114509583,
        0.6831883788108826,
        0.6855072379112244,
        0.692463755607605,
        0.7257971167564392,
        0.7200000286102295,
        0.6918840408325195,
        0.7368115782737732,
        0.7768115997314453,
        0.7211593985557556,
        0.739130437374115,
        0.7153623104095459,
        0.753333330154419,
        0.7524637579917908,
        0.7527536153793335,
        0.760869562625885,
        0.7597101330757141,
        0.7747825980186462,
        0.7475362420082092,
        0.7686956524848938,
        0.7889854907989502,
        0.7518840432167053,
        0.7678260803222656,
        0.7866666913032532,
        0.753333330154419,
        0.7907246351242065,
        0.7915942072868347,
        0.7834782600402832,
        0.7997101545333862,
        0.7837681174278259,
        0.7744927406311035,
        0.7724637389183044,
        0.7910144925117493,
        0.7927536368370056,
        0.7889854907989502
    ]
}